date,station_id,temperature,humidity,pressure,wind_speed,wind_direction,precipitation,cloud_cover,visibility,weather_label
1/1/2024 0:00,STN_4,30.6,36,1014.4,19.3,74,1.15,74,2.2,Cloudy
1/1/2024 1:00,STN_3,32.2,46,1018.8,12,351,2.74,96,15.5,Cloudy
1/1/2024 2:00,STN_1,15.4,81,998.3,8.9,300,7.47,7,17.4,Rainy
1/1/2024 3:00,STN_4,29,51,1007.6,16.3,44,0.24,44,4.7,Sunny
1/1/2024 4:00,STN_5,31.8,23,1025.9,25.3,332,0.2,77,8.2,Cloudy
1/1/2024 5:00,STN_4,13.6,94,1006.1,8.9,45,3.13,13,10.8,Rainy
1/1/2024 6:00,STN_3,20.8,65,1014.6,16.4,159,0.56,55,10.9,Sunny
1/1/2024 7:00,STN_1,12,74,1014.4,9.8,228,0.98,83,14.7,Cloudy
1/1/2024 8:00,STN_5,27.3,59,1027.6,19.7,79,3.09,65,13.1,Cloudy
1/1/2024 9:00,STN_4,25.4,22,1016.5,20.5,119,2.33,53,9,Sunny
1/1/2024 10:00,STN_2,22.4,50,1034,4.7,217,3.61,63,2.8,Cloudy
1/1/2024 11:00,STN_3,34.4,25,1013,22.8,349,0.68,37,19.8,Sunny
1/1/2024 12:00,STN_5,19.2,79,1009.8,19.1,254,3.91,24,13.8,Sunny
1/1/2024 13:00,STN_4,21.1,65,992.1,4.9,13,3.98,87,3.5,Cloudy
1/1/2024 14:00,STN_1,15.2,93,999,18.3,182,0.15,27,2.4,Foggy
1/1/2024 15:00,STN_4,26.2,60,1007.7,33.5,132,5.18,62,10.3,Cloudy
1/1/2024 16:00,STN_5,20.7,75,1009.6,7.7,326,3.81,5,4.1,Sunny
1/1/2024 17:00,STN_3,21.6,38,1024.2,23.4,305,3.29,4,2.7,Sunny
1/1/2024 18:00,STN_4,33.3,53,1010,37.3,351,1.06,58,18.2,Sunny
1/1/2024 19:00,STN_2,22.4,48,1011.5,22.4,187,3.14,95,7.7,Cloudy
1/1/2024 20:00,STN_5,23.5,72,1019.6,20.1,228,0.57,0,16.5,Sunny
1/1/2024 21:00,STN_5,23.5,65,1018.1,0.5,260,1.97,95,7.4,Cloudy
1/1/2024 22:00,STN_4,21.9,66,1028.2,11.3,325,0.15,16,6.7,Sunny
1/1/2024 23:00,STN_2,17.4,98,1020.9,12.1,302,1.21,33,16.4,Sunny
1/2/2024 0:00,STN_3,28.8,38,1022.1,18.9,90,0.25,25,7.7,Sunny
1/2/2024 1:00,STN_5,33.6,65,1020.3,36.5,315,1.07,40,7.5,Sunny
1/2/2024 2:00,STN_1,19.1,56,1002,1.6,86,0.47,49,8.8,Sunny
1/2/2024 3:00,STN_4,20.4,86,1016.5,5.5,290,0.95,2,7.9,Sunny
1/2/2024 4:00,STN_5,25.5,70,1008.5,2.3,44,0.59,62,6.9,Cloudy
1/2/2024 5:00,STN_4,26.9,43,1007.3,32.6,21,4.04,72,14.5,Storm
1/2/2024 6:00,STN_5,33.3,85,1009,31.4,212,3.26,5,8.1,Rainy
1/2/2024 7:00,STN_2,24.8,26,1007.7,14.2,77,0.59,14,16.3,Sunny
1/2/2024 8:00,STN_3,15.4,61,994.7,18.5,154,0.92,3,6.8,Sunny
1/2/2024 9:00,STN_4,14,83,998.5,38.7,181,5.24,49,14.4,Rainy
1/2/2024 10:00,STN_2,19.1,53,1005.9,23.9,147,3.87,77,16.5,Cloudy
1/2/2024 11:00,STN_4,38.7,34,1003.3,15.6,182,2.15,87,11.3,Cloudy
1/2/2024 12:00,STN_2,24.7,80,1001.6,0.6,299,0,90,15.9,Cloudy
1/2/2024 13:00,STN_5,25.5,75,1013.7,5.6,67,4.39,72,17,Cloudy
1/2/2024 14:00,STN_3,30.5,28,1013.3,0.9,11,3.17,69,10.5,Cloudy
1/2/2024 15:00,STN_1,14.4,49,1019.6,19.4,100,2.81,88,14.7,Cloudy
1/2/2024 16:00,STN_1,22,98,1008.2,28.4,332,0.26,92,7.7,Cloudy
1/2/2024 17:00,STN_4,15.2,75,1022.3,23.9,108,2.24,41,10.5,Sunny
1/2/2024 18:00,STN_2,32.4,38,1027.3,10.3,160,3.14,42,12,Sunny
1/2/2024 19:00,STN_3,26.9,41,1022.8,35.4,155,1.28,18,15.1,Sunny
1/2/2024 20:00,STN_5,26.6,63,1024.4,23.1,125,1.28,60,4.1,Sunny
1/2/2024 21:00,STN_5,25.8,93,1029.7,25.3,44,0.71,2,11.5,Sunny
1/2/2024 22:00,STN_2,6.6,51,1019.1,23.1,314,1.31,17,4.3,Sunny
1/2/2024 23:00,STN_4,22.5,24,1008.6,22.3,8,1.63,63,10.1,Cloudy
1/3/2024 0:00,STN_2,31.8,82,1008.2,32.4,236,3.44,96,9.5,Rainy
1/3/2024 1:00,STN_4,32.7,22,1025.1,26.7,41,1.51,39,17.2,Sunny
1/3/2024 2:00,STN_1,39,89,1011.9,35.7,13,0.28,65,5.4,Cloudy
1/3/2024 3:00,STN_4,22.6,55,1031.2,4.2,188,1.43,32,6.7,Sunny
1/3/2024 4:00,STN_5,30.3,71,1009,34.4,154,1.61,75,10.4,Storm
1/3/2024 5:00,STN_4,20.8,68,1016.6,39.5,179,0.53,87,12.7,Storm
1/3/2024 6:00,STN_2,19.7,57,1011.8,22.8,26,2.78,31,10.3,Sunny
1/3/2024 7:00,STN_3,29.5,20,1023,15.5,357,0.97,99,11.9,Cloudy
1/3/2024 8:00,STN_5,20.3,33,1000.9,4.8,134,0.46,32,11.4,Sunny
1/3/2024 9:00,STN_5,6.7,87,1023.9,37.3,20,0.09,15,8.8,Sunny
1/3/2024 10:00,STN_3,21.3,74,1007.1,38.5,55,2.01,39,10.5,Sunny
1/3/2024 11:00,STN_3,22.6,76,1024,1.5,173,0.91,62,11.9,Cloudy
1/3/2024 12:00,STN_1,24.5,83,1013,27.9,84,0.21,47,19.7,Sunny
1/3/2024 13:00,STN_2,30.5,62,1002.1,33.6,244,3.88,25,14.9,Sunny
1/3/2024 14:00,STN_3,13.8,79,998.4,13.1,180,0.34,75,15.1,Cloudy
1/3/2024 15:00,STN_1,24.6,86,1017.2,30.4,358,2.43,16,16.6,Sunny
1/3/2024 16:00,STN_1,25.5,95,999.3,21.1,337,2.07,23,1.6,Foggy
1/3/2024 17:00,STN_4,19.3,88,1011.5,15.5,220,2.72,6,3.9,Foggy
1/3/2024 18:00,STN_3,29.2,44,999,14.7,350,6.9,36,9.2,Sunny
1/3/2024 19:00,STN_4,18.9,80,1027.8,24.3,222,1.9,66,13.6,Cloudy
1/3/2024 20:00,STN_5,28.8,50,1015.2,32.9,152,2.24,65,17.8,Cloudy
1/3/2024 21:00,STN_3,17.9,90,1021,22.6,330,1.08,66,17.8,Cloudy
1/3/2024 22:00,STN_2,18.8,38,1018.4,13.7,193,1.01,40,15.4,Sunny
1/3/2024 23:00,STN_4,28.9,47,1014.6,31.6,127,0.47,65,10.7,Cloudy
1/4/2024 0:00,STN_5,22.2,43,1024.7,36.8,57,1.79,61,13.9,Cloudy
1/4/2024 1:00,STN_5,36.7,39,1023.2,15.1,214,4.6,10,8.4,Sunny
1/4/2024 2:00,STN_4,17.8,58,1009.3,20.8,153,4.87,45,11.1,Sunny
1/4/2024 3:00,STN_3,20.7,83,998.3,23.4,320,6.47,17,19.1,Rainy
1/4/2024 4:00,STN_4,27.1,95,1000.5,13.2,40,2.25,35,18.9,Sunny
1/4/2024 5:00,STN_5,25.5,76,1024,0.7,219,0.57,9,20,Sunny
1/4/2024 6:00,STN_2,37.8,85,1007.4,8.5,282,1.89,69,10.3,Cloudy
1/4/2024 7:00,STN_5,22.7,24,1007.2,20.5,332,3.22,31,19.2,Sunny
1/4/2024 8:00,STN_3,16.2,76,999.4,2.6,328,1.36,82,12.4,Cloudy
1/4/2024 9:00,STN_1,23.8,31,1000.1,8.1,99,0.34,83,2.1,Cloudy
1/4/2024 10:00,STN_2,15.3,78,1007.7,9.4,338,1.3,99,12.4,Cloudy
1/4/2024 11:00,STN_4,36.5,78,1024.5,23.6,329,5.19,6,9.4,Sunny
1/4/2024 12:00,STN_4,21.6,89,1010.4,31.1,111,0.03,21,11.8,Sunny
1/4/2024 13:00,STN_3,19,56,1000.5,36.1,146,4.3,9,11.5,Sunny
1/4/2024 14:00,STN_3,31.4,85,1012.5,38.3,310,0.66,76,1.7,Storm
1/4/2024 15:00,STN_2,40.1,87,1014.7,28.4,310,0.04,4,8.6,Sunny
1/4/2024 16:00,STN_2,32.6,70,1025.7,14.8,101,2.99,56,6.2,Sunny
1/4/2024 17:00,STN_5,49.6,58,1018.2,16.8,243,0.13,95,4,Cloudy
1/4/2024 18:00,STN_2,24.4,32,1017.5,9.8,79,0.34,77,2.7,Cloudy
1/4/2024 19:00,STN_3,13.4,89,1015.2,6,311,1.76,60,8.1,Sunny
1/4/2024 20:00,STN_5,30.1,40,1025.5,25.9,141,0.23,49,17.3,Sunny
1/4/2024 21:00,STN_5,25.5,37,1019.9,7.7,49,0.37,80,11.8,Cloudy
1/4/2024 22:00,STN_1,18.4,55,1022.8,7.6,6,2.48,27,3.2,Sunny
1/4/2024 23:00,STN_1,9.1,93,1011.4,37.3,136,5.11,71,6.8,Rainy
1/5/2024 0:00,STN_1,25.2,67,1004.7,29.8,12,1.14,27,6.1,Sunny
1/5/2024 1:00,STN_4,16.5,84,1014.1,38.3,328,0.3,58,2.7,Sunny
1/5/2024 2:00,STN_5,14.3,34,1019.8,34.2,112,2.14,13,17.3,Sunny
1/5/2024 3:00,STN_5,7.4,59,1022.6,13.9,13,2.13,85,10.6,Cloudy
1/5/2024 4:00,STN_5,25.9,48,1014.3,36.4,267,1.99,76,4.7,Storm
1/5/2024 5:00,STN_4,23.1,96,1020.1,5.4,330,2.39,24,18.5,Sunny
1/5/2024 6:00,STN_1,15.1,84,1018.6,27.3,4,4.23,6,17.5,Rainy
1/5/2024 7:00,STN_1,19.5,61,1011,14.2,123,0.09,99,19,Cloudy
1/5/2024 8:00,STN_3,18.6,23,1019.1,16.7,311,12.73,87,4.3,Cloudy
1/5/2024 9:00,STN_1,37,25,1006.3,29.7,313,0.8,38,5.4,Sunny
1/5/2024 10:00,STN_5,32.2,96,1014.2,20.9,12,3.46,80,2.7,Rainy
1/5/2024 11:00,STN_4,14.3,66,1015.9,28.4,268,1.98,18,5.6,Sunny
1/5/2024 12:00,STN_1,22.3,66,1025.6,12.1,345,1.1,75,8.6,Cloudy
1/5/2024 13:00,STN_5,21.1,78,1012.7,37.1,157,1.28,85,19.8,Storm
1/5/2024 14:00,STN_5,12.5,80,1020.5,5.5,333,1.99,4,16.7,Sunny
1/5/2024 15:00,STN_2,46.1,25,1033.7,4.8,240,0.65,63,7.8,Cloudy
1/5/2024 16:00,STN_2,14.1,37,1006.6,24.5,74,3.45,43,3.3,Sunny
1/5/2024 17:00,STN_4,37.8,99,1008.6,40,52,3.22,5,10.5,Rainy
1/5/2024 18:00,STN_1,26.4,22,1033.1,35.9,172,0.39,15,2.1,Sunny
1/5/2024 19:00,STN_3,15.3,96,1019.7,8.5,72,0.86,43,3.4,Foggy
1/5/2024 20:00,STN_2,26.1,31,1009.5,2.9,71,1.79,74,19,Cloudy
1/5/2024 21:00,STN_3,25.4,49,1006.8,12.5,135,0.95,32,12,Sunny
1/5/2024 22:00,STN_5,20.4,75,1017.5,25.2,237,0.58,62,14.1,Cloudy
1/5/2024 23:00,STN_5,15.3,56,1024,32.2,266,3.32,83,14.6,Storm
1/6/2024 0:00,STN_3,29.4,61,1031.4,19.2,68,1.86,59,3.2,Sunny
1/6/2024 1:00,STN_5,13.6,28,1007.3,36.1,281,2.42,70,7.1,Cloudy
1/6/2024 2:00,STN_1,25,80,1007.1,12.4,118,0.67,57,4.4,Sunny
1/6/2024 3:00,STN_3,17.7,41,1022.2,28.8,347,0.02,37,2,Sunny
1/6/2024 4:00,STN_4,10,46,1005.6,6.6,65,3.77,79,13.3,Cloudy
1/6/2024 5:00,STN_4,17,80,1016.2,35.5,79,2.66,26,7.6,Sunny
1/6/2024 6:00,STN_2,31,82,1007.5,30.6,254,1.62,18,14.7,Sunny
1/6/2024 7:00,STN_5,17.1,79,1014.7,9.2,134,1.11,31,11.6,Sunny
1/6/2024 8:00,STN_3,30.1,28,1002.8,22.7,300,1.42,27,9,Sunny
1/6/2024 9:00,STN_4,25.2,40,1011.5,16,337,4.78,95,4.6,Cloudy
1/6/2024 10:00,STN_5,20.1,36,1013.5,30.8,35,2.25,20,7.4,Sunny
1/6/2024 11:00,STN_2,19.7,74,1012,19.4,143,1.58,36,3.9,Sunny
1/6/2024 12:00,STN_1,14.6,42,1008.8,12.6,11,10.04,8,15,Sunny
1/6/2024 13:00,STN_5,12.9,99,1006.8,1.3,85,2.43,20,8.2,Sunny
1/6/2024 14:00,STN_3,23.8,34,1022,29.9,50,0.28,4,4.2,Sunny
1/6/2024 15:00,STN_3,22,50,1010.5,20.3,44,1.46,19,12.4,Sunny
1/6/2024 16:00,STN_3,23.8,24,1002.2,22.8,80,8.44,73,19.2,Cloudy
1/6/2024 17:00,STN_3,32.5,59,1028.7,15.9,220,0,61,8.8,Cloudy
1/6/2024 18:00,STN_4,25.5,51,1001.1,21.7,46,1.37,80,11.3,Cloudy
1/6/2024 19:00,STN_4,21.5,72,997.5,21.8,214,0.71,22,8.5,Sunny
1/6/2024 20:00,STN_3,24,96,1020,8.7,89,0.7,82,7.9,Cloudy
1/6/2024 21:00,STN_2,27,38,1005.1,6.8,249,1.11,67,4.9,Cloudy
1/6/2024 22:00,STN_3,23.6,66,1006.8,2.4,107,3.65,19,5.7,Sunny
1/6/2024 23:00,STN_1,29.9,76,1028.7,35.3,219,0.45,57,2.1,Sunny
1/7/2024 0:00,STN_2,38.1,36,1026,31.6,272,2.58,4,7,Sunny
1/7/2024 1:00,STN_4,18,50,1031.8,31.6,329,0.98,13,11.7,Sunny
1/7/2024 2:00,STN_3,23.1,75,1015.7,10.4,88,1.19,75,2,Cloudy
1/7/2024 3:00,STN_5,23.8,88,1014.3,5,134,7.28,47,12.4,Rainy
1/7/2024 4:00,STN_3,27.7,84,1024.9,20,358,2.16,79,9.1,Cloudy
1/7/2024 5:00,STN_4,32.2,67,1011.7,24.8,52,2.12,7,6.1,Sunny
1/7/2024 6:00,STN_1,19.3,26,1006.7,39.6,85,9.1,38,9.8,Sunny
1/7/2024 7:00,STN_2,23.3,33,1010.7,34.5,353,0.34,48,17,Sunny
1/7/2024 8:00,STN_4,22.2,24,1029.3,31.3,302,1.38,33,18.9,Sunny
1/7/2024 9:00,STN_4,18.1,33,1004.7,18,270,10.35,79,16.7,Cloudy
1/7/2024 10:00,STN_3,25.8,43,1022.5,33,114,1.1,30,14.1,Sunny
1/7/2024 11:00,STN_4,15.2,40,1003,1.3,238,0.71,86,8.8,Cloudy
1/7/2024 12:00,STN_5,25.8,38,1017.2,34.5,60,0.59,31,9.3,Sunny
1/7/2024 13:00,STN_4,21.1,27,1019.5,28.4,31,0.2,35,3.1,Sunny
1/7/2024 14:00,STN_5,27,39,1015,27.3,11,1.17,65,6.7,Cloudy
1/7/2024 15:00,STN_3,14.3,23,1013.1,17.7,109,0,17,2.8,Sunny
1/7/2024 16:00,STN_3,22.3,29,1005.4,3.1,156,2.22,47,12.5,Sunny
1/7/2024 17:00,STN_2,40,72,1033.1,35,309,3,65,16.6,Cloudy
1/7/2024 18:00,STN_2,5.5,48,1014.3,5.6,339,0.19,30,11,Sunny
1/7/2024 19:00,STN_3,17.5,83,1016,10.5,334,1.47,99,12,Cloudy
1/7/2024 20:00,STN_1,24,84,1029.4,7.3,294,1.67,16,16.2,Sunny
1/7/2024 21:00,STN_2,31,67,997.5,4.3,281,0.32,44,19.5,Sunny
1/7/2024 22:00,STN_1,18.7,36,1019.6,30,285,1,65,11.2,Cloudy
1/7/2024 23:00,STN_2,31.3,27,1015.2,38.6,120,0.72,21,15.2,Sunny
1/8/2024 0:00,STN_1,20.2,42,1001,22.4,337,2.4,33,7.7,Sunny
1/8/2024 1:00,STN_5,24.4,33,1002.6,8.4,54,0.27,8,16.4,Sunny
1/8/2024 2:00,STN_5,19.2,52,1017.3,29.1,246,8.33,63,9.4,Cloudy
1/8/2024 3:00,STN_3,26,92,1015.8,36.9,337,2.59,38,1.5,Foggy
1/8/2024 4:00,STN_2,18.1,48,1022.2,35.5,54,0.04,57,17,Sunny
1/8/2024 5:00,STN_1,20.2,68,1013,4.4,212,2.89,16,3.2,Sunny
1/8/2024 6:00,STN_1,15.4,95,1016.9,37.1,136,1.61,21,3.7,Foggy
1/8/2024 7:00,STN_4,33.2,58,1011.1,19.5,198,0.79,75,4.6,Cloudy
1/8/2024 8:00,STN_3,23.9,84,1001.3,22.8,53,0.24,74,14.4,Cloudy
1/8/2024 9:00,STN_3,21.1,39,1034,14.3,260,1.78,8,11.2,Sunny
1/8/2024 10:00,STN_3,21.3,24,1008.3,37.7,46,2.71,89,18.7,Storm
1/8/2024 11:00,STN_5,23.2,60,1016,31.4,321,2.63,50,5.4,Sunny
1/8/2024 12:00,STN_1,25.6,36,1006.6,3.5,187,0.5,92,14.4,Cloudy
1/8/2024 13:00,STN_2,28.8,24,1016.8,34.8,106,1.43,22,3.5,Sunny
1/8/2024 14:00,STN_5,28.1,44,1007.4,22.4,17,1.35,23,7.1,Sunny
1/8/2024 15:00,STN_4,23.5,40,1015.7,21.7,41,9.03,33,2.1,Sunny
1/8/2024 16:00,STN_1,23.2,46,1016.8,25.2,344,2.41,52,6.6,Sunny
1/8/2024 17:00,STN_4,28.6,23,999.8,32.4,119,5.44,56,8.5,Sunny
1/8/2024 18:00,STN_3,22.4,71,996.6,14.4,25,3.68,80,16,Cloudy
1/8/2024 19:00,STN_4,37.7,90,1004.3,21.6,67,0.4,86,17.7,Cloudy
1/8/2024 20:00,STN_3,28,70,1009.2,29.6,188,3.54,35,15.6,Sunny
1/8/2024 21:00,STN_2,36.4,24,1019.5,33.7,355,11.24,18,19.4,Sunny
1/8/2024 22:00,STN_4,18.4,24,1004.5,23.2,263,0.25,28,11,Sunny
1/8/2024 23:00,STN_5,21.4,27,1005.5,30.6,115,1.09,14,1.2,Sunny
1/9/2024 0:00,STN_5,22.3,74,1003.8,20.7,167,2.87,67,10,Cloudy
1/9/2024 1:00,STN_1,19.6,68,1002.2,11,251,2.43,56,9.3,Sunny
1/9/2024 2:00,STN_5,20,32,1019.3,9.2,32,0.39,7,2.1,Sunny
1/9/2024 3:00,STN_1,35.2,57,1001.9,12.5,66,0.95,18,8.8,Sunny
1/9/2024 4:00,STN_5,31,55,993.3,6.2,59,0.19,59,10,Sunny
1/9/2024 5:00,STN_4,27.9,77,1017,18.7,255,0.48,48,6.2,Sunny
1/9/2024 6:00,STN_3,13.4,47,1024.7,37.1,311,0.48,61,2.4,Cloudy
1/9/2024 7:00,STN_2,20.7,70,1008.7,2.3,148,1.02,18,12.7,Sunny
1/9/2024 8:00,STN_3,32.5,74,1010.9,18.5,145,4.05,25,2.8,Sunny
1/9/2024 9:00,STN_4,14.5,75,1001.4,13.3,260,5.79,64,19.8,Cloudy
1/9/2024 10:00,STN_4,17.7,63,1012.7,37.7,223,4.19,62,8.2,Cloudy
1/9/2024 11:00,STN_4,19.4,78,1020.9,21.1,352,0.78,13,1.7,Sunny
1/9/2024 12:00,STN_5,19.1,45,1023.6,18.6,272,0.49,21,7,Sunny
1/9/2024 13:00,STN_2,15.6,34,1022.9,9.6,157,0.16,55,7.2,Sunny
1/9/2024 14:00,STN_5,22.1,79,1019.5,9.2,155,1.66,56,3.2,Sunny
1/9/2024 15:00,STN_3,28.3,37,1004.6,27.8,278,1.17,93,3.9,Cloudy
1/9/2024 16:00,STN_4,8.5,42,1011.4,25.8,59,8.03,15,2,Sunny
1/9/2024 17:00,STN_5,30.9,60,1011.4,34.5,49,0.18,4,9.2,Sunny
1/9/2024 18:00,STN_3,32.4,48,1016.9,13.1,55,0.78,14,13.2,Sunny
1/9/2024 19:00,STN_3,17.9,86,996.1,22.8,163,0.31,87,12,Cloudy
1/9/2024 20:00,STN_2,26.9,83,1023.9,9.2,78,1.42,27,14.7,Sunny
1/9/2024 21:00,STN_5,15.3,78,1002.7,12.6,102,0.76,33,6.1,Sunny
1/9/2024 22:00,STN_3,18.2,72,1005,17.5,168,2.37,69,19.9,Cloudy
1/9/2024 23:00,STN_4,22.6,21,1009.5,32.3,351,0.71,21,18.1,Sunny
1/10/2024 0:00,STN_2,19.6,87,1017.6,31.7,2,3.25,53,10.4,Rainy
1/10/2024 1:00,STN_2,18.1,83,999.7,27.6,199,8.7,12,13.1,Rainy
1/10/2024 2:00,STN_1,28.4,83,1028.9,2.5,251,2.48,71,19.6,Cloudy
1/10/2024 3:00,STN_4,26,48,1006.4,37.6,263,0.44,86,9.2,Storm
1/10/2024 4:00,STN_1,18,78,1018.4,27.7,347,0.26,48,9.9,Sunny
1/10/2024 5:00,STN_5,21.6,22,1022.7,29.7,37,0.4,49,2.4,Sunny
1/10/2024 6:00,STN_1,27,33,1019.7,15.1,246,1,0,8.6,Sunny
1/10/2024 7:00,STN_4,24.6,98,1029,10,102,2.68,8,11.8,Sunny
1/10/2024 8:00,STN_5,18.9,67,1021.6,39.9,230,0.05,10,9.1,Sunny
1/10/2024 9:00,STN_5,23.1,38,1018.3,12.6,315,1.26,44,15.1,Sunny
1/10/2024 10:00,STN_5,27,48,1013.4,4.5,43,4.22,34,7.1,Sunny
1/10/2024 11:00,STN_3,19.3,74,1007.7,4.3,285,3.06,51,7.7,Sunny
1/10/2024 12:00,STN_3,32.7,28,1020.3,38,28,1.78,55,17.9,Sunny
1/10/2024 13:00,STN_1,18.6,39,1012.6,39,23,2.53,83,4.8,Storm
1/10/2024 14:00,STN_3,19.1,36,1016.3,38.8,23,0.89,76,4.7,Storm
1/10/2024 15:00,STN_1,22.6,48,1024.2,0.5,147,0.06,75,5.5,Cloudy
1/10/2024 16:00,STN_1,26.3,48,1008.1,2.5,23,1.09,74,5.6,Cloudy
1/10/2024 17:00,STN_1,28.7,42,1005.6,39.2,153,1.11,58,18.5,Sunny
1/10/2024 18:00,STN_2,20.1,96,1023.2,34.3,231,0.48,30,3,Foggy
1/10/2024 19:00,STN_4,31.5,35,1012.5,5.4,253,0.86,32,18.1,Sunny
1/10/2024 20:00,STN_3,17.9,55,1014.3,21,126,2.53,92,6.8,Cloudy
1/10/2024 21:00,STN_2,26.4,84,1005.4,34,304,5.05,85,16.7,Rainy
1/10/2024 22:00,STN_4,24.2,22,1011.9,3.3,343,0.27,36,6.4,Sunny
1/10/2024 23:00,STN_3,33.7,72,1010.4,39.9,198,2.16,23,14,Sunny
1/11/2024 0:00,STN_5,19.6,39,1023.5,15.8,18,0.43,2,14.2,Sunny
1/11/2024 1:00,STN_4,20,62,1006.1,26.1,237,1.24,54,13.9,Sunny
1/11/2024 2:00,STN_5,16.7,39,1011.4,39.9,304,0.34,40,8,Sunny
1/11/2024 3:00,STN_2,26.9,56,1010.9,13.4,344,3.37,68,9,Cloudy
1/11/2024 4:00,STN_2,29.8,24,1009,23,164,4.17,58,14.4,Sunny
1/11/2024 5:00,STN_5,33.6,99,1001.5,36.3,341,0.45,10,1.8,Foggy
1/11/2024 6:00,STN_2,18,45,1021.5,28.9,126,10.41,45,18.8,Sunny
1/11/2024 7:00,STN_4,21.1,74,999.8,29.1,31,4.5,99,12.7,Cloudy
1/11/2024 8:00,STN_2,25.4,66,1019.8,37.3,51,0.65,56,11.3,Sunny
1/11/2024 9:00,STN_1,15.5,70,1015,21.5,84,0.55,5,18.4,Sunny
1/11/2024 10:00,STN_2,24.2,40,1016.7,34.1,212,0,66,16.2,Cloudy
1/11/2024 11:00,STN_2,24.7,35,998.1,8.2,233,0.7,52,9.4,Sunny
1/11/2024 12:00,STN_4,16.4,70,1002,3.1,23,1.51,2,13.2,Sunny
1/11/2024 13:00,STN_2,34,39,1011.5,8.4,108,0.31,18,9.5,Sunny
1/11/2024 14:00,STN_3,26.3,84,1028.7,11.7,197,0.84,71,16.3,Cloudy
1/11/2024 15:00,STN_4,26.7,42,1012,14,145,2.65,14,11,Sunny
1/11/2024 16:00,STN_5,27.1,23,1012.2,29.8,93,1.01,94,3.2,Cloudy
1/11/2024 17:00,STN_1,18.3,53,1013.3,34.6,29,0.15,94,9.7,Storm
1/11/2024 18:00,STN_5,21.9,37,1011.8,17.9,57,1.97,98,9.7,Cloudy
1/11/2024 19:00,STN_5,17.8,75,1015.5,31,92,0.29,52,17.6,Sunny
1/11/2024 20:00,STN_4,29.4,36,1007.9,8.2,280,1.02,51,8.9,Sunny
1/11/2024 21:00,STN_5,17.2,87,1004.4,5.7,310,0.81,83,8.6,Cloudy
1/11/2024 22:00,STN_1,17.2,43,1006.1,31.8,24,1.64,45,2.6,Sunny
1/11/2024 23:00,STN_1,18.9,87,1014.6,22.6,57,0.87,23,11,Sunny
1/12/2024 0:00,STN_1,19.6,80,1020.8,26.2,227,0.18,22,6.8,Sunny
1/12/2024 1:00,STN_4,10.9,24,1021.5,20.2,232,1.79,78,6,Cloudy
1/12/2024 2:00,STN_5,23.1,29,1014.7,12.8,184,0.88,65,8.9,Cloudy
1/12/2024 3:00,STN_2,29.8,47,1019.5,25.8,212,4.33,41,11.4,Sunny
1/12/2024 4:00,STN_3,23.5,51,1019.9,21.7,247,0.32,52,12.3,Sunny
1/12/2024 5:00,STN_2,37.5,78,1031.1,7.2,112,4.23,22,19.8,Sunny
1/12/2024 6:00,STN_5,19,74,1031.4,26,0,1.34,52,16.5,Sunny
1/12/2024 7:00,STN_2,25.1,22,1026.5,11.8,189,0.05,3,19.7,Sunny
1/12/2024 8:00,STN_4,22.6,95,1022.6,4.8,172,0.08,65,18.3,Cloudy
1/12/2024 9:00,STN_2,36.3,85,1009.2,6.1,347,1.32,72,6.1,Cloudy
1/12/2024 10:00,STN_4,33.8,82,1023.2,9,244,1.1,48,9.5,Sunny
1/12/2024 11:00,STN_3,28.1,33,1019.6,20.6,100,0.1,33,14.7,Sunny
1/12/2024 12:00,STN_4,35,44,1018.3,39.5,152,2.13,79,10.6,Storm
1/12/2024 13:00,STN_5,19.6,74,1025.5,36.7,43,5.8,43,2.1,Sunny
1/12/2024 14:00,STN_1,35.7,61,1015.8,22,254,0.05,5,17.7,Sunny
1/12/2024 15:00,STN_2,19.8,74,1000.5,29.8,297,1.16,9,7.6,Sunny
1/12/2024 16:00,STN_4,34.1,71,1006.8,6.4,182,1.01,20,2.6,Sunny
1/12/2024 17:00,STN_4,31.8,24,999.7,12.3,87,1.16,0,8.1,Sunny
1/12/2024 18:00,STN_1,27.6,41,1016.4,7.2,199,4.52,62,14,Cloudy
1/12/2024 19:00,STN_2,15.5,55,1019.4,16.7,86,0.85,82,2.1,Cloudy
1/12/2024 20:00,STN_2,24.5,25,1004.7,3.3,260,0.77,12,3.4,Sunny
1/12/2024 21:00,STN_1,18.5,63,1006.2,9.5,30,0.67,83,19,Cloudy
1/12/2024 22:00,STN_4,21,97,1033.2,4.4,7,0.81,54,13.8,Sunny
1/12/2024 23:00,STN_1,17.4,61,998.3,38.9,220,0.74,24,15.9,Sunny
1/13/2024 0:00,STN_2,23.6,94,1018.7,32.3,334,3.96,40,15.3,Rainy
1/13/2024 1:00,STN_3,17.4,79,1032.1,12.3,15,0.31,69,2.5,Cloudy
1/13/2024 2:00,STN_1,35.4,88,1017.5,14.7,357,0.68,5,17.5,Sunny
1/13/2024 3:00,STN_5,22.3,42,1014.6,34,256,3.74,32,16.3,Sunny
1/13/2024 4:00,STN_2,34.4,94,1016.5,27.8,56,5.39,19,4.7,Rainy
1/13/2024 5:00,STN_2,36,43,1002.1,3.4,46,3.25,79,15.3,Cloudy
1/13/2024 6:00,STN_5,23.2,99,1019.9,31.4,321,1.37,76,11,Storm
1/13/2024 7:00,STN_5,13,41,1009.1,26.3,316,1.83,91,15.5,Cloudy
1/13/2024 8:00,STN_4,26.3,43,1016.1,6.5,291,0.15,81,15.7,Cloudy
1/13/2024 9:00,STN_1,21.2,23,1026.5,37.8,97,1.99,53,18.7,Sunny
1/13/2024 10:00,STN_3,26.5,70,1024.3,8.4,252,5.25,73,18.5,Cloudy
1/13/2024 11:00,STN_4,27.9,44,997.7,1.8,92,1.92,96,6.7,Cloudy
1/13/2024 12:00,STN_2,30.9,65,1024.7,24.7,277,2.27,71,11,Cloudy
1/13/2024 13:00,STN_5,29.8,67,1008.1,20.2,130,0.7,28,14.5,Sunny
1/13/2024 14:00,STN_5,29.9,95,1017.4,24.8,146,0.56,70,17.3,Cloudy
1/13/2024 15:00,STN_4,22.2,74,1001.8,28.8,349,3.21,22,17.4,Sunny
1/13/2024 16:00,STN_3,30,82,1013,8.5,179,5.29,20,3.6,Rainy
1/13/2024 17:00,STN_5,24.8,93,1021.3,14.2,263,6.03,53,1.2,Rainy
1/13/2024 18:00,STN_3,22.4,73,1009.4,19.8,86,0.35,60,16.3,Sunny
1/13/2024 19:00,STN_3,25.9,84,1018.7,23,206,0.35,5,4,Sunny
1/13/2024 20:00,STN_4,24,87,1003.9,36,270,3.12,60,7.4,Rainy
1/13/2024 21:00,STN_2,29.2,62,1031.7,31.6,139,1.34,53,5,Sunny
1/13/2024 22:00,STN_3,21.6,39,1033.2,1.1,22,4.33,6,6.8,Sunny
1/13/2024 23:00,STN_4,19.1,43,1016.6,15.7,267,0.46,23,4.1,Sunny
1/14/2024 0:00,STN_2,22.3,75,1020.9,38,275,1.14,6,9.5,Sunny
1/14/2024 1:00,STN_1,17.4,92,1030.8,20.3,201,0.18,4,11.3,Sunny
1/14/2024 2:00,STN_4,16.3,90,996.7,22.6,214,8.32,26,4.6,Rainy
1/14/2024 3:00,STN_4,11.3,55,1007.3,25.1,131,0.47,80,2.5,Cloudy
1/14/2024 4:00,STN_1,5.8,48,1022.3,10.6,258,2.33,24,6.3,Sunny
1/14/2024 5:00,STN_4,21.1,56,1032.1,24.9,104,2.37,65,11.5,Cloudy
1/14/2024 6:00,STN_3,36.7,73,1009.6,17.4,92,3.96,12,17.9,Sunny
1/14/2024 7:00,STN_2,17.4,51,1021.7,12.6,262,0.08,29,1.9,Sunny
1/14/2024 8:00,STN_3,16.4,53,1019.4,2.2,192,2.7,75,19.6,Cloudy
1/14/2024 9:00,STN_5,27.4,75,1010.7,7.3,62,1.87,44,12.9,Sunny
1/14/2024 10:00,STN_4,31.1,90,1012.8,33.5,305,3.06,97,12.3,Rainy
1/14/2024 11:00,STN_4,32.5,55,1012.6,9.4,319,0.29,38,16.2,Sunny
1/14/2024 12:00,STN_5,22.3,73,1001.7,6,305,4.17,84,12.2,Cloudy
1/14/2024 13:00,STN_4,26.6,43,1003.9,23.6,26,3.59,32,5.6,Sunny
1/14/2024 14:00,STN_1,25.4,85,1018,28,283,2.53,80,19.1,Cloudy
1/14/2024 15:00,STN_2,35.2,71,1023.8,39.2,53,1.56,55,9.7,Sunny
1/14/2024 16:00,STN_1,20.5,75,997.6,34.1,33,7.12,55,9.5,Sunny
1/14/2024 17:00,STN_5,44.4,59,1016.2,34.4,104,4.59,52,14.9,Sunny
1/14/2024 18:00,STN_5,27.3,55,1009.9,7.1,101,1.64,1,3.9,Sunny
1/14/2024 19:00,STN_4,25,46,1035.6,2.1,131,1.61,27,11.9,Sunny
1/14/2024 20:00,STN_2,30.9,43,1011.3,39.7,13,0.76,57,15.1,Sunny
1/14/2024 21:00,STN_1,20.7,20,1012.4,29.5,69,0.1,60,19,Sunny
1/14/2024 22:00,STN_3,16.3,93,1022.8,39,150,0.35,8,19.5,Sunny
1/14/2024 23:00,STN_5,29,20,1003.4,28.5,220,1.39,89,18.3,Cloudy
1/15/2024 0:00,STN_1,25.7,60,1018.1,27.3,26,1.4,47,11.8,Sunny
1/15/2024 1:00,STN_4,28.2,60,1013.4,9.5,357,1.02,95,9.4,Cloudy
1/15/2024 2:00,STN_5,18.9,79,1004,33.3,204,4.01,79,5.1,Storm
1/15/2024 3:00,STN_3,18.5,36,1015.6,8.8,259,3.09,73,13.7,Cloudy
1/15/2024 4:00,STN_5,25.3,57,1009.3,5,126,3.03,65,14,Cloudy
1/15/2024 5:00,STN_5,33.7,48,1019,7.9,227,1.25,45,11.7,Sunny
1/15/2024 6:00,STN_5,31.6,67,1012.8,25.3,319,2.21,28,4,Sunny
1/15/2024 7:00,STN_5,26.3,45,1020.4,2.7,279,0.44,5,16,Sunny
1/15/2024 8:00,STN_4,17.1,25,1017.5,24.5,293,1.38,72,7.1,Cloudy
1/15/2024 9:00,STN_3,27.9,75,1010.3,17.5,211,0.8,83,9.2,Cloudy
1/15/2024 10:00,STN_1,32,74,1008.1,20.3,324,0.98,29,13.6,Sunny
1/15/2024 11:00,STN_5,28.5,99,1014.5,3.3,265,1.94,63,17.8,Cloudy
1/15/2024 12:00,STN_4,14.2,75,1016.4,24.5,253,0.45,90,11.9,Cloudy
1/15/2024 13:00,STN_1,20.5,56,1003,7.2,78,4.63,63,2.2,Cloudy
1/15/2024 14:00,STN_2,24.2,53,1022.9,30.9,79,5.71,23,5.2,Sunny
1/15/2024 15:00,STN_3,16.6,40,1019.7,5.7,191,9.53,27,7.7,Sunny
1/15/2024 16:00,STN_4,28.1,30,1010.9,25.9,194,0.12,51,13.7,Sunny
1/15/2024 17:00,STN_5,21.8,53,1003.9,27.5,120,5.62,25,9.4,Sunny
1/15/2024 18:00,STN_3,20.1,72,991.2,36.7,6,2.64,45,7.7,Sunny
1/15/2024 19:00,STN_2,25.2,60,1023.1,4.8,44,2.6,61,3.1,Cloudy
1/15/2024 20:00,STN_2,23.8,34,1025.2,20.4,354,0.49,68,5.8,Cloudy
1/15/2024 21:00,STN_5,21.7,25,1011.4,10.3,117,0.32,42,15.8,Sunny
1/15/2024 22:00,STN_1,23.3,36,1021.5,12.8,74,3.36,89,7.4,Cloudy
1/15/2024 23:00,STN_1,20.8,42,1006.7,21,229,5.42,23,13.8,Sunny
1/16/2024 0:00,STN_2,26.8,91,1009.9,11.7,184,0.3,56,14,Sunny
1/16/2024 1:00,STN_1,13.8,20,1017.9,29.7,214,3.3,17,1.3,Sunny
1/16/2024 2:00,STN_2,37.8,65,1011.5,3.3,173,1.74,81,11.8,Cloudy
1/16/2024 3:00,STN_4,9.3,48,1021.5,3.9,293,1.01,13,12.3,Sunny
1/16/2024 4:00,STN_5,11.1,88,1005,21.8,4,2.21,89,6.7,Cloudy
1/16/2024 5:00,STN_4,28.1,73,1008.5,28.4,279,0.88,1,10.1,Sunny
1/16/2024 6:00,STN_1,14.6,62,1005.7,14.2,278,0.09,64,2.1,Cloudy
1/16/2024 7:00,STN_5,15.7,40,1019.1,19,88,0.85,60,18.3,Sunny
1/16/2024 8:00,STN_2,30.5,77,1005,3.8,96,3.08,69,13.8,Cloudy
1/16/2024 9:00,STN_1,37.6,48,996.9,14.5,108,5.89,5,2.5,Sunny
1/16/2024 10:00,STN_4,19.5,31,1014.8,25.3,56,0.15,57,3.1,Sunny
1/16/2024 11:00,STN_5,33.3,71,1013.5,35.3,8,7.35,71,2.8,Storm
1/16/2024 12:00,STN_4,21.3,94,1032.6,22.3,67,1.65,96,12.9,Cloudy
1/16/2024 13:00,STN_4,27.1,23,1020.2,5.2,281,0.12,90,11.5,Cloudy
1/16/2024 14:00,STN_5,21.7,36,1003.4,9.4,103,0.02,33,3.9,Sunny
1/16/2024 15:00,STN_4,22.9,61,996.6,7.1,139,0.49,64,4.7,Cloudy
1/16/2024 16:00,STN_4,33,72,1008.4,28.8,119,0.09,54,10.8,Sunny
1/16/2024 17:00,STN_2,22,76,1003.7,24.4,169,3.2,19,19.5,Sunny
1/16/2024 18:00,STN_2,22,42,1016.7,15.8,270,4.13,71,3.4,Cloudy
1/16/2024 19:00,STN_5,23.8,79,1006.8,26.5,133,1.21,4,14.7,Sunny
1/16/2024 20:00,STN_4,26.1,74,1033.3,3,311,0.41,35,3.5,Sunny
1/16/2024 21:00,STN_5,23.1,40,1002.5,35.1,295,8.53,3,17.7,Sunny
1/16/2024 22:00,STN_4,16.2,52,1005.2,38.7,271,2.52,57,10.4,Sunny
1/16/2024 23:00,STN_2,26,41,1001.2,24,36,0.67,48,9.5,Sunny
1/17/2024 0:00,STN_2,22.9,27,1018.9,18.4,344,0.31,36,8.7,Sunny
1/17/2024 1:00,STN_2,32.1,53,1031.7,36.2,277,0.8,38,17.7,Sunny
1/17/2024 2:00,STN_1,33.6,90,1024,19.5,187,1.61,81,15.2,Cloudy
1/17/2024 3:00,STN_5,23.2,53,1009.3,29.5,348,3.75,12,8.1,Sunny
1/17/2024 4:00,STN_4,32.7,85,1014.5,22.8,104,3.92,3,14.3,Rainy
1/17/2024 5:00,STN_2,19.9,51,1013.4,13.5,256,1.05,71,5.6,Cloudy
1/17/2024 6:00,STN_4,23.9,71,1010.3,31,35,2.39,62,4,Cloudy
1/17/2024 7:00,STN_4,27.3,92,1020.2,13,229,14.05,79,7,Rainy
1/17/2024 8:00,STN_2,30.9,46,1016.5,23.1,44,0.03,84,4.7,Cloudy
1/17/2024 9:00,STN_5,7.6,54,1012,9.3,325,0.24,12,10.4,Sunny
1/17/2024 10:00,STN_1,20.6,48,1017.5,35,349,0.65,16,5.2,Sunny
1/17/2024 11:00,STN_1,25,78,1013.9,28.4,287,3.08,90,14.2,Cloudy
1/17/2024 12:00,STN_5,21.4,77,1025.7,38.1,326,0.74,62,2.4,Cloudy
1/17/2024 13:00,STN_2,33.8,45,1002.1,23.3,113,0.58,60,17.6,Sunny
1/17/2024 14:00,STN_1,24.3,88,1023.8,26.2,275,3.21,36,2,Rainy
1/17/2024 15:00,STN_2,29.2,44,1016.3,34.9,201,0.51,37,14.6,Sunny
1/17/2024 16:00,STN_1,24.4,48,1002.2,19.6,263,10.14,51,17.2,Sunny
1/17/2024 17:00,STN_5,28.3,56,1009,29.1,285,0.57,23,9.6,Sunny
1/17/2024 18:00,STN_4,39.4,61,1016.3,27.1,93,0.08,93,19,Cloudy
1/17/2024 19:00,STN_3,25.5,51,1007.1,25.6,63,0.67,25,9.9,Sunny
1/17/2024 20:00,STN_1,24.6,34,1015.6,9.9,251,1.8,13,2,Sunny
1/17/2024 21:00,STN_4,32.2,96,1018,31.7,323,1.23,99,19.4,Storm
1/17/2024 22:00,STN_4,12.5,70,1017.4,30.6,45,0.29,89,17.4,Storm
1/17/2024 23:00,STN_1,26.6,87,1011.8,39.8,341,2.71,8,2.5,Foggy
1/18/2024 0:00,STN_5,13,29,1009.5,3.3,304,0.08,85,2.9,Cloudy
1/18/2024 1:00,STN_2,24.6,66,1014.3,38,347,0.76,35,8.3,Sunny
1/18/2024 2:00,STN_2,20.5,47,1010,25.7,187,7.62,34,13.8,Sunny
1/18/2024 3:00,STN_3,26.2,49,1007.7,33.3,94,2.14,55,19.3,Sunny
1/18/2024 4:00,STN_4,30.9,59,1024.1,9.8,23,3.08,13,2.6,Sunny
1/18/2024 5:00,STN_5,23.1,99,1009.2,39.3,247,0.67,45,17,Sunny
1/18/2024 6:00,STN_2,31.2,75,1004,11.9,16,2.29,55,14.7,Sunny
1/18/2024 7:00,STN_1,37.2,23,1000,13.3,63,0.21,91,16.2,Cloudy
1/18/2024 8:00,STN_1,26.5,43,1005.2,17.9,343,0.34,38,17.5,Sunny
1/18/2024 9:00,STN_2,22.1,20,1018.8,30.3,247,2.89,46,14.1,Sunny
1/18/2024 10:00,STN_1,32.9,61,1014.1,38.2,36,2.5,43,2.3,Sunny
1/18/2024 11:00,STN_4,20.1,35,1011.6,6,317,1.29,62,1.4,Cloudy
1/18/2024 12:00,STN_5,29.1,98,1031.6,24.2,210,1.45,57,10.5,Sunny
1/18/2024 13:00,STN_3,31.5,49,1010,4.4,127,2.09,97,17.7,Cloudy
1/18/2024 14:00,STN_3,24.5,85,1011.3,31.7,30,0.12,27,1.2,Sunny
1/18/2024 15:00,STN_4,38,78,1020.6,38.2,184,0.63,57,11.9,Sunny
1/18/2024 16:00,STN_4,33,21,1011.1,24.2,207,0.46,52,14.1,Sunny
1/18/2024 17:00,STN_2,17.3,54,1006.3,10.3,22,3.83,52,14,Sunny
1/18/2024 18:00,STN_2,19.6,38,1012.1,17.5,140,2.4,83,7.7,Cloudy
1/18/2024 19:00,STN_1,16.4,67,994.7,23.5,142,4.61,40,14.5,Sunny
1/18/2024 20:00,STN_4,41.7,23,1013.2,38.1,73,1.26,87,1.6,Storm
1/18/2024 21:00,STN_1,12.8,51,1006.9,11.8,256,0.23,91,17.8,Cloudy
1/18/2024 22:00,STN_2,27.8,76,999.7,3.4,165,0.84,37,8.8,Sunny
1/18/2024 23:00,STN_4,20.6,91,1022.4,31.7,111,6.64,5,18.5,Rainy
1/19/2024 0:00,STN_1,16.7,82,1016.7,3.4,8,4.8,82,4.1,Rainy
1/19/2024 1:00,STN_1,15.6,73,1003.9,38.5,292,0.85,7,3.6,Sunny
1/19/2024 2:00,STN_1,24.1,51,1018.3,16.3,199,3.94,49,19.6,Sunny
1/19/2024 3:00,STN_3,9.1,68,1018,2.7,332,0.41,40,19.4,Sunny
1/19/2024 4:00,STN_3,15.8,71,1018.9,19.5,130,3.98,18,8.1,Sunny
1/19/2024 5:00,STN_4,30.7,72,1012.7,39.7,79,0.42,88,14.4,Storm
1/19/2024 6:00,STN_5,26.2,41,1015.4,32,105,0.58,55,14.1,Sunny
1/19/2024 7:00,STN_2,31.8,41,1010.1,11.3,58,0.16,81,10.3,Cloudy
1/19/2024 8:00,STN_1,24.5,70,1017.7,22.4,189,0.58,41,13.5,Sunny
1/19/2024 9:00,STN_4,29.9,30,1007.3,25.3,101,1.28,56,14,Sunny
1/19/2024 10:00,STN_2,35.7,77,1034.8,20,263,1.27,14,5.3,Sunny
1/19/2024 11:00,STN_3,27.8,30,990.6,14.2,255,0.05,61,1.4,Cloudy
1/19/2024 12:00,STN_3,30.3,24,1005.6,39.3,240,1.63,71,17,Storm
1/19/2024 13:00,STN_2,21.1,59,1013,19.2,222,0.5,78,13.1,Cloudy
1/19/2024 14:00,STN_5,27.5,41,1018.4,27.1,250,0.23,20,19.4,Sunny
1/19/2024 15:00,STN_5,22.5,29,1013.9,13.1,70,1.33,71,7.1,Cloudy
1/19/2024 16:00,STN_5,24.1,45,1020,12.1,82,0.84,58,16.9,Sunny
1/19/2024 17:00,STN_2,22.5,45,1002.5,27.9,218,1.73,5,16.8,Sunny
1/19/2024 18:00,STN_1,12.4,70,1010.7,33.8,79,3,58,12.7,Sunny
1/19/2024 19:00,STN_1,28.3,26,1022.1,5.2,72,0.43,28,12.9,Sunny
1/19/2024 20:00,STN_3,17.4,59,1016.9,12.3,37,1.92,74,6.5,Cloudy
1/19/2024 21:00,STN_2,38.6,88,998.7,25.8,245,4.39,36,6.3,Rainy
1/19/2024 22:00,STN_1,12.3,88,1006.6,9.2,358,0.47,67,9.3,Cloudy
1/19/2024 23:00,STN_4,27.5,48,1016.6,9.8,1,0.36,51,1.8,Sunny
1/20/2024 0:00,STN_1,26.1,39,997.4,14,275,1.09,82,9.6,Cloudy
1/20/2024 1:00,STN_4,18.1,91,1007,9,52,1.57,51,19.1,Sunny
1/20/2024 2:00,STN_3,24.3,24,1019.7,5,161,7.75,83,11.6,Cloudy
1/20/2024 3:00,STN_5,22.9,90,1005.6,12.7,222,0.82,76,11.7,Cloudy
1/20/2024 4:00,STN_2,22.1,67,1005.7,6.6,321,0.53,64,1.4,Cloudy
1/20/2024 5:00,STN_5,20.2,73,986,25.8,247,1.89,77,7.6,Cloudy
1/20/2024 6:00,STN_1,12.3,61,996.5,12.6,92,4.42,42,1.3,Sunny
1/20/2024 7:00,STN_1,25.5,41,1009.6,39.5,247,2.78,40,8.1,Sunny
1/20/2024 8:00,STN_1,26.9,99,1020.7,8.6,296,0.2,75,4.7,Foggy
1/20/2024 9:00,STN_2,29.4,60,1005.6,14.8,272,8.34,75,1.4,Cloudy
1/20/2024 10:00,STN_4,24.5,84,1010.5,33.4,19,1.15,7,2,Sunny
1/20/2024 11:00,STN_3,6.3,69,1011.5,15.6,258,0.58,63,18.5,Cloudy
1/20/2024 12:00,STN_4,32.9,31,1025.6,31.9,127,2.07,4,15.5,Sunny
1/20/2024 13:00,STN_5,26.8,88,1008.2,1.7,104,2.29,90,8.4,Cloudy
1/20/2024 14:00,STN_4,22.4,31,1030.4,26.5,278,0.29,57,17.8,Sunny
1/20/2024 15:00,STN_1,31.6,75,1007.9,25.4,303,0.35,20,3,Sunny
1/20/2024 16:00,STN_3,22.3,81,1004.6,19.4,103,2.1,18,17.3,Sunny
1/20/2024 17:00,STN_1,40.1,72,1019.3,27.4,185,8.12,77,8.4,Cloudy
1/20/2024 18:00,STN_1,31.7,41,999.5,37.3,346,1.95,25,2,Sunny
1/20/2024 19:00,STN_4,27.1,83,1006.1,26.9,206,4.68,81,14.9,Rainy
1/20/2024 20:00,STN_5,27.8,53,1006.3,13.3,286,1.24,57,11.6,Sunny
1/20/2024 21:00,STN_3,26.7,77,997,35.8,32,0.04,44,14.7,Sunny
1/20/2024 22:00,STN_2,25.9,90,1025.9,34.4,36,0.08,10,5.8,Sunny
1/20/2024 23:00,STN_5,32.3,64,1019.8,28.3,137,0.71,15,19.5,Sunny
1/21/2024 0:00,STN_4,30.7,98,1000.6,4.5,357,2.13,91,13.6,Cloudy
1/21/2024 1:00,STN_1,22.2,88,1001.6,13.2,354,1.95,46,13.6,Sunny
1/21/2024 2:00,STN_2,32.5,72,1017.3,28.5,62,4.31,73,13.5,Cloudy
1/21/2024 3:00,STN_1,12.2,25,1036.8,28.6,345,4.17,8,10,Sunny
1/21/2024 4:00,STN_3,23.4,50,993.6,20.7,53,6.59,14,12.6,Sunny
1/21/2024 5:00,STN_3,25,50,1032.5,33.7,302,0.94,92,3.9,Storm
1/21/2024 6:00,STN_2,22.6,64,998.5,33.2,285,0.61,63,7,Cloudy
1/21/2024 7:00,STN_4,23.8,78,1006.5,33.4,143,0.51,12,8.5,Sunny
1/21/2024 8:00,STN_1,24.5,99,1005,11.5,153,3.39,11,4,Rainy
1/21/2024 9:00,STN_2,19.1,88,1035.5,10.9,51,2.95,57,16.7,Sunny
1/21/2024 10:00,STN_3,23.9,27,1012.6,31.4,124,3.5,95,16.7,Storm
1/21/2024 11:00,STN_3,23,58,1018.5,26.9,33,0.52,83,8,Cloudy
1/21/2024 12:00,STN_4,34,55,1005.2,33.9,99,0.14,10,9.4,Sunny
1/21/2024 13:00,STN_3,24,84,1008.3,5.9,88,4.45,64,19.6,Rainy
1/21/2024 14:00,STN_1,24.2,87,1014.6,16.3,264,0.73,44,19,Sunny
1/21/2024 15:00,STN_5,29.6,99,1019.3,3.6,294,0.59,95,7.6,Cloudy
1/21/2024 16:00,STN_2,27,69,1009.2,30.2,189,3.61,56,12.4,Sunny
1/21/2024 17:00,STN_4,27.4,29,1016.1,12,153,1.1,97,14.2,Cloudy
1/21/2024 18:00,STN_1,33.1,43,1016.3,0.5,77,3.61,99,6.6,Cloudy
1/21/2024 19:00,STN_3,34.2,40,989,2.5,268,0.61,38,2.7,Sunny
1/21/2024 20:00,STN_4,23.1,76,1009.7,14.9,87,5.81,8,15.9,Sunny
1/21/2024 21:00,STN_3,33.7,51,1020.6,20.4,281,1.73,62,15.8,Cloudy
1/21/2024 22:00,STN_1,21.1,96,1013.6,1.5,199,4.05,53,4.1,Rainy
1/21/2024 23:00,STN_3,23.8,54,1007.8,1.3,97,2.81,24,18.3,Sunny
1/22/2024 0:00,STN_5,32.5,88,1006.4,24.6,108,0.46,29,15,Sunny
1/22/2024 1:00,STN_5,25.1,30,1002.3,29.8,59,9.57,40,11.5,Sunny
1/22/2024 2:00,STN_2,32.5,76,1015.5,28.4,11,1.73,47,1.9,Sunny
1/22/2024 3:00,STN_5,38.7,54,1012.8,15.6,203,2.17,48,3.5,Sunny
1/22/2024 4:00,STN_4,22.1,26,1024.7,28.4,271,2.31,36,11.5,Sunny
1/22/2024 5:00,STN_2,32.2,33,1004.3,38.7,52,1.5,93,1.5,Storm
1/22/2024 6:00,STN_5,31.1,52,998.5,4.4,332,0.4,94,14.1,Cloudy
1/22/2024 7:00,STN_2,18.7,24,1018.2,31.3,153,0.66,76,16.5,Storm
1/22/2024 8:00,STN_1,24.6,99,1008.4,39.2,105,0.6,13,6,Sunny
1/22/2024 9:00,STN_4,30.8,85,1001,15.2,98,4.1,63,2.2,Rainy
1/22/2024 10:00,STN_3,22.1,31,1022.1,29.6,239,6.21,87,2.4,Cloudy
1/22/2024 11:00,STN_4,23.5,86,1015.2,26.4,143,7.09,77,3.3,Rainy
1/22/2024 12:00,STN_2,35.4,54,1033.5,19.5,281,0.48,13,1.5,Sunny
1/22/2024 13:00,STN_3,26.3,76,1020.2,4.3,303,0.14,30,12.2,Sunny
1/22/2024 14:00,STN_5,30.8,79,1006.3,16.2,306,0.26,40,7.7,Sunny
1/22/2024 15:00,STN_3,28.7,53,1024.9,16,9,2.99,57,9.8,Sunny
1/22/2024 16:00,STN_1,23.9,60,1006.2,12.2,104,1.68,55,4.5,Sunny
1/22/2024 17:00,STN_4,21.6,74,1024.5,29,8,0.1,44,18.7,Sunny
1/22/2024 18:00,STN_4,34.1,68,1012.7,31.8,149,4.36,91,3.9,Storm
1/22/2024 19:00,STN_3,26.9,42,1024.8,20.3,253,5.85,44,6.6,Sunny
1/22/2024 20:00,STN_2,23.7,52,1011.7,9.6,264,0.18,86,16.7,Cloudy
1/22/2024 21:00,STN_3,20.4,37,1024.7,15,279,5.08,91,19.7,Cloudy
1/22/2024 22:00,STN_1,30.9,47,1023.6,20.5,169,0.29,13,7.5,Sunny
1/22/2024 23:00,STN_1,18.4,87,1015.8,39.5,265,0.45,88,4.4,Foggy
1/23/2024 0:00,STN_4,27.3,59,1010.2,2.7,122,4.02,79,14.1,Cloudy
1/23/2024 1:00,STN_2,21.4,21,996.5,31.4,19,6.72,57,10.4,Sunny
1/23/2024 2:00,STN_2,18.6,46,1013.2,30.3,184,0.65,26,2.5,Sunny
1/23/2024 3:00,STN_5,13,83,1019,14.1,223,0.58,48,15,Sunny
1/23/2024 4:00,STN_4,20.2,43,1008.5,38.3,111,1.42,62,19.9,Cloudy
1/23/2024 5:00,STN_4,27.2,58,1002.3,11.1,228,1.25,67,11.6,Cloudy
1/23/2024 6:00,STN_2,26.7,38,1007.6,2.2,225,3.92,34,15.8,Sunny
1/23/2024 7:00,STN_5,18.8,37,1022.3,18.1,105,2.53,9,14.7,Sunny
1/23/2024 8:00,STN_3,28.9,41,1009.8,11.9,85,0.83,9,14.4,Sunny
1/23/2024 9:00,STN_2,18.3,31,1001.5,4.3,201,1.93,89,18.3,Cloudy
1/23/2024 10:00,STN_2,35.3,94,1000.5,39.6,188,0.66,65,13.4,Cloudy
1/23/2024 11:00,STN_2,26.9,44,1029.7,10.8,342,5.36,3,16,Sunny
1/23/2024 12:00,STN_5,19,58,1005.9,31.2,8,3.98,84,2.9,Storm
1/23/2024 13:00,STN_1,34.8,92,1034.6,1.6,294,3.42,76,11.5,Rainy
1/23/2024 14:00,STN_4,13.8,37,1006.4,3.5,40,0.41,69,10.8,Cloudy
1/23/2024 15:00,STN_2,20,71,1005.2,17.3,295,1.84,79,13.7,Cloudy
1/23/2024 16:00,STN_5,10.2,75,993.2,31.8,270,1.67,52,11.3,Sunny
1/23/2024 17:00,STN_3,33.5,77,1012.8,27.6,334,0.72,2,7.5,Sunny
1/23/2024 18:00,STN_3,30.8,24,1007.5,28.4,244,0.31,94,1.3,Cloudy
1/23/2024 19:00,STN_2,26,82,1028.2,32.6,232,2.22,92,14.1,Storm
1/23/2024 20:00,STN_4,26.9,73,1031,35.2,198,0.39,31,4.3,Sunny
1/23/2024 21:00,STN_2,38,58,1005.1,14.7,227,1.02,77,4.7,Cloudy
1/23/2024 22:00,STN_5,39.2,58,1020.1,29.2,284,0.25,19,17,Sunny
1/23/2024 23:00,STN_5,11.1,53,1010.3,0.5,233,0.72,5,14.9,Sunny
1/24/2024 0:00,STN_4,22.7,82,1011.1,5.1,229,1.85,35,6,Sunny
1/24/2024 1:00,STN_5,36,59,1009.8,14.7,143,1.04,36,19.1,Sunny
1/24/2024 2:00,STN_2,23.2,86,1011.6,4.2,350,2.62,5,6.8,Sunny
1/24/2024 3:00,STN_5,21.6,64,1010.3,33.3,343,4.98,33,13.6,Sunny
1/24/2024 4:00,STN_3,38.3,59,1006.7,29.1,205,0.28,53,13,Sunny
1/24/2024 5:00,STN_2,22,71,1011,18,10,2.34,30,4.7,Sunny
1/24/2024 6:00,STN_3,31.6,37,1019.7,37.3,129,1.06,34,4.9,Sunny
1/24/2024 7:00,STN_5,19.7,46,1016.9,28.7,354,0.25,21,16.9,Sunny
1/24/2024 8:00,STN_1,35.5,33,1038.7,15.9,205,2.22,62,3.3,Cloudy
1/24/2024 9:00,STN_3,24.9,57,1016.8,33.1,283,0.5,68,9.8,Cloudy
1/24/2024 10:00,STN_4,27.4,24,1009.2,3.2,342,2.44,54,14.3,Sunny
1/24/2024 11:00,STN_4,34.6,49,993.6,31.4,189,0.19,58,13.4,Sunny
1/24/2024 12:00,STN_2,35.6,92,1012.5,35.4,53,3.11,48,5.2,Rainy
1/24/2024 13:00,STN_5,23.6,70,999.9,21.9,231,0.78,34,7.5,Sunny
1/24/2024 14:00,STN_4,32.6,88,1009.1,17.1,2,1.81,96,2.5,Foggy
1/24/2024 15:00,STN_5,11.4,81,1006.7,29.5,259,0.49,54,16.8,Sunny
1/24/2024 16:00,STN_5,22.8,62,1015.7,18.6,133,0.03,81,9.1,Cloudy
1/24/2024 17:00,STN_2,29.8,30,1008.2,36.2,72,0.63,38,14.2,Sunny
1/24/2024 18:00,STN_4,17.8,64,1017.4,17.9,222,4.95,37,17,Sunny
1/24/2024 19:00,STN_5,28,39,997.4,2.6,194,0.24,72,14.7,Cloudy
1/24/2024 20:00,STN_3,30.9,82,1014.7,8,242,0.19,22,14.8,Sunny
1/24/2024 21:00,STN_4,22.8,93,1008,13,357,3.43,94,15.1,Rainy
1/24/2024 22:00,STN_5,23.9,76,1021.4,0.7,261,0.48,69,4.4,Cloudy
1/24/2024 23:00,STN_5,30,74,998.7,31,251,0.73,14,10.8,Sunny
1/25/2024 0:00,STN_2,17.7,40,1007,10.2,310,0.56,38,18.2,Sunny
1/25/2024 1:00,STN_1,27.3,24,1021.4,39.7,261,1.36,41,1.8,Sunny
1/25/2024 2:00,STN_2,31.8,47,1019.5,3.4,133,1.84,82,5.4,Cloudy
1/25/2024 3:00,STN_5,16.1,41,1022,14.4,302,0.63,55,13.4,Sunny
1/25/2024 4:00,STN_2,23.7,33,1002.5,2.8,6,0.78,8,8.8,Sunny
1/25/2024 5:00,STN_2,21.4,22,988.5,29.8,206,0.98,22,6.1,Sunny
1/25/2024 6:00,STN_1,20,80,1019.6,26.4,138,0.13,72,17.4,Cloudy
1/25/2024 7:00,STN_5,31.5,86,999.4,14,258,0.07,44,2.1,Foggy
1/25/2024 8:00,STN_4,33.5,45,1029.4,0.7,83,0.74,53,16.3,Sunny
1/25/2024 9:00,STN_1,26.8,28,1005.9,12.1,215,1.89,34,8.3,Sunny
1/25/2024 10:00,STN_4,24.3,25,1037.4,26.6,127,1.53,63,11.9,Cloudy
1/25/2024 11:00,STN_4,26.7,92,996.8,40,214,3.91,96,16.7,Rainy
1/25/2024 12:00,STN_1,25.9,92,1026,37,40,0.49,25,17.4,Sunny
1/25/2024 13:00,STN_4,20.4,38,1015.1,24.8,228,1.69,81,13.5,Cloudy
1/25/2024 14:00,STN_4,34.6,78,1015.8,24.8,133,1.12,75,14.6,Cloudy
1/25/2024 15:00,STN_3,24.1,37,1034.5,23.1,7,2.37,83,17.2,Cloudy
1/25/2024 16:00,STN_5,27.4,79,1024.5,20.5,102,0.68,35,16.8,Sunny
1/25/2024 17:00,STN_5,23.3,89,1010.7,24.5,117,0.19,55,8.3,Sunny
1/25/2024 18:00,STN_1,28.3,75,1023.4,30.5,301,0.2,88,5.3,Storm
1/25/2024 19:00,STN_1,30.7,76,1034.2,10.2,323,2.05,41,10.3,Sunny
1/25/2024 20:00,STN_3,27.2,79,1017.6,3.2,21,1.15,27,2,Sunny
1/25/2024 21:00,STN_5,30.6,55,1038.9,25.3,95,1.6,16,11.4,Sunny
1/25/2024 22:00,STN_2,29.4,30,997.4,5.8,210,1.42,30,19.8,Sunny
1/25/2024 23:00,STN_1,32,69,1013.7,16.8,164,1.16,80,8.4,Cloudy
1/26/2024 0:00,STN_1,22.6,37,1026,19.3,218,7.12,33,2.3,Sunny
1/26/2024 1:00,STN_3,27.3,53,1022.5,22.8,142,0.91,41,14.1,Sunny
1/26/2024 2:00,STN_2,24.3,79,1009.5,24.8,248,0.15,23,11,Sunny
1/26/2024 3:00,STN_1,16.9,88,989.6,16.3,50,6.02,53,8.1,Rainy
1/26/2024 4:00,STN_5,21.4,43,1021.5,27.4,81,2.89,89,11.8,Cloudy
1/26/2024 5:00,STN_5,19.2,32,1014.8,18.8,285,0.48,96,13.8,Cloudy
1/26/2024 6:00,STN_2,18.8,31,1000.4,26.7,230,0.36,55,8.9,Sunny
1/26/2024 7:00,STN_3,39.7,75,1014.1,12.3,117,0.92,43,7.7,Sunny
1/26/2024 8:00,STN_2,34.7,98,1016.8,35.4,58,1.23,81,10.7,Storm
1/26/2024 9:00,STN_2,11.4,69,1013.3,18.2,228,3.95,23,1.7,Sunny
1/26/2024 10:00,STN_3,29.7,58,998.9,25.2,344,0.29,47,18.9,Sunny
1/26/2024 11:00,STN_2,22.8,68,1003.7,0.5,209,2.27,37,16.9,Sunny
1/26/2024 12:00,STN_3,30,22,1025.1,32.5,349,2.21,47,15.3,Sunny
1/26/2024 13:00,STN_5,26,54,1025.2,8.2,73,1.17,99,19,Cloudy
1/26/2024 14:00,STN_1,17.6,22,1018.6,7.6,267,0.99,52,12.7,Sunny
1/26/2024 15:00,STN_3,29.1,35,986.7,7.7,259,0.04,73,8.5,Cloudy
1/26/2024 16:00,STN_3,22.8,67,996.3,38.8,184,2.58,28,13.2,Sunny
1/26/2024 17:00,STN_4,22.2,28,1012.4,25.2,331,1.09,23,2.7,Sunny
1/26/2024 18:00,STN_4,24.9,99,1010.7,7.8,146,2.55,89,13.9,Cloudy
1/26/2024 19:00,STN_2,36.7,72,1017.8,23.4,11,0.69,70,5.9,Cloudy
1/26/2024 20:00,STN_5,26.1,71,1010.3,10,115,1.32,59,14.4,Sunny
1/26/2024 21:00,STN_2,32,50,1016.5,28.8,320,3.88,25,10.1,Sunny
1/26/2024 22:00,STN_2,19.2,28,993.4,2.8,325,8.81,46,17,Sunny
1/26/2024 23:00,STN_4,17,22,1010.6,34.6,175,1.41,7,9.7,Sunny
1/27/2024 0:00,STN_1,24.9,22,1030.4,37.2,191,0.59,1,7.1,Sunny
1/27/2024 1:00,STN_4,34.7,32,1023.2,21.7,109,4.48,22,8.3,Sunny
1/27/2024 2:00,STN_3,21,49,1015.9,3.9,312,2.03,46,14.2,Sunny
1/27/2024 3:00,STN_5,28.7,97,1021.2,37.5,184,1.27,60,15.6,Sunny
1/27/2024 4:00,STN_4,24.6,77,1016.7,36,115,3.4,16,4.8,Sunny
1/27/2024 5:00,STN_1,32.6,34,1008.2,17.4,208,1.47,99,10.6,Cloudy
1/27/2024 6:00,STN_1,27.7,55,1003.6,39.3,172,0.63,34,16.1,Sunny
1/27/2024 7:00,STN_5,22.8,64,1011.3,13.3,240,0.47,58,4.6,Sunny
1/27/2024 8:00,STN_1,11.2,69,1013.5,28.1,229,0.57,41,8,Sunny
1/27/2024 9:00,STN_2,29.1,92,1036.8,27.3,160,1.73,68,2.7,Foggy
1/27/2024 10:00,STN_3,29.4,71,1015.9,10.2,73,7.39,10,12.9,Sunny
1/27/2024 11:00,STN_1,20.1,54,1015.4,30.3,179,6.53,79,15.8,Storm
1/27/2024 12:00,STN_4,22.8,76,1031.5,7,90,0.32,92,16.8,Cloudy
1/27/2024 13:00,STN_2,29,79,1010.7,6.3,84,5.58,19,14,Sunny
1/27/2024 14:00,STN_1,36.2,50,1010,13.2,41,0.54,13,13,Sunny
1/27/2024 15:00,STN_5,26.3,66,1021.1,34.8,161,1.1,15,9,Sunny
1/27/2024 16:00,STN_2,33.4,87,1001.6,27.9,304,0.84,44,12.5,Sunny
1/27/2024 17:00,STN_1,21,53,1001.7,8.5,16,0.74,14,7.1,Sunny
1/27/2024 18:00,STN_1,20.6,34,1000.7,28.5,168,0.06,35,16.6,Sunny
1/27/2024 19:00,STN_1,20.3,42,995.2,18.1,172,0.57,76,7,Cloudy
1/27/2024 20:00,STN_2,22,54,1021.2,30.1,156,0.27,29,7.4,Sunny
1/27/2024 21:00,STN_1,22.4,22,1003.3,24.4,278,0.25,11,14.2,Sunny
1/27/2024 22:00,STN_5,18.3,93,1017.2,35,178,1.42,10,8.8,Sunny
1/27/2024 23:00,STN_5,28.6,72,1001.5,2.7,26,1.09,5,19.7,Sunny
1/28/2024 0:00,STN_5,29.4,48,1019.8,4.7,314,0.56,27,5.1,Sunny
1/28/2024 1:00,STN_4,35.1,50,1004.5,18.9,22,1.19,13,8.9,Sunny
1/28/2024 2:00,STN_5,19.9,45,1000.1,36.3,252,0.88,53,12.2,Sunny
1/28/2024 3:00,STN_5,29.3,50,1022.3,24.5,239,0.11,65,9.1,Cloudy
1/28/2024 4:00,STN_1,17.5,50,1002.8,15.9,273,5.81,92,15.9,Cloudy
1/28/2024 5:00,STN_2,21.1,97,1020.3,40,269,1.72,73,18.3,Storm
1/28/2024 6:00,STN_3,28.9,81,1004.3,39.4,81,3.81,82,15.3,Rainy
1/28/2024 7:00,STN_3,16.9,75,998.8,12.9,204,3.21,18,12.9,Sunny
1/28/2024 8:00,STN_4,35.7,98,1017.4,28.4,113,3.06,81,17.6,Rainy
1/28/2024 9:00,STN_1,29.2,37,1008.2,15.5,335,1.83,52,12,Sunny
1/28/2024 10:00,STN_5,30.3,23,1010.8,13.3,24,4.11,97,14.4,Cloudy
1/28/2024 11:00,STN_1,26.1,52,1007.8,22.1,289,0.39,91,11.5,Cloudy
1/28/2024 12:00,STN_5,21.5,81,1022.3,18.2,359,2.29,91,6.7,Cloudy
1/28/2024 13:00,STN_5,36.5,90,1018.8,18.9,171,0.73,53,7.7,Sunny
1/28/2024 14:00,STN_1,32.1,78,1020.6,3.6,51,0.89,99,9.8,Cloudy
1/28/2024 15:00,STN_2,32.9,76,1018.5,23.3,64,8.18,10,2.8,Sunny
1/28/2024 16:00,STN_3,32.7,44,1003.4,3.3,294,1.71,86,17.8,Cloudy
1/28/2024 17:00,STN_3,27.6,81,998.5,15.2,163,0.62,88,4,Cloudy
1/28/2024 18:00,STN_2,26.6,99,1011.4,14.1,217,1.41,82,17.1,Cloudy
1/28/2024 19:00,STN_3,31.3,57,1019.4,33.4,226,0.25,54,17,Sunny
1/28/2024 20:00,STN_5,28.3,96,1008,23.3,17,6.02,38,10.8,Rainy
1/28/2024 21:00,STN_2,25.2,54,1013.9,19.2,104,6.02,96,17.9,Cloudy
1/28/2024 22:00,STN_5,18.4,61,1007.1,25.1,345,0.91,80,3.7,Cloudy
1/28/2024 23:00,STN_3,17.1,85,1006.1,38.5,136,1.89,75,6,Storm
1/29/2024 0:00,STN_5,20.6,88,1013.7,26,41,3.76,99,11.6,Rainy
1/29/2024 1:00,STN_3,23.8,26,1002.7,23.5,313,3.21,31,16.4,Sunny
1/29/2024 2:00,STN_1,18.4,62,1008.4,18.1,309,1.94,41,13.3,Sunny
1/29/2024 3:00,STN_3,14.5,58,1013.8,13.4,294,1.09,37,14.8,Sunny
1/29/2024 4:00,STN_4,19.9,83,1012.5,29,350,3.72,45,3.2,Rainy
1/29/2024 5:00,STN_2,22.1,94,1014.1,29.6,45,0.3,46,5.9,Sunny
1/29/2024 6:00,STN_2,25.3,64,1009.3,38.3,331,1.89,31,6,Sunny
1/29/2024 7:00,STN_5,24.1,68,1023.6,5.2,53,0.12,27,14,Sunny
1/29/2024 8:00,STN_1,27.2,24,1016,34.9,117,0.49,52,10.2,Sunny
1/29/2024 9:00,STN_5,22.4,49,1011.3,30,41,0.01,84,14.8,Cloudy
1/29/2024 10:00,STN_5,28.2,88,1011.1,37.2,16,0.52,86,19.9,Storm
1/29/2024 11:00,STN_5,20.6,28,1007.7,19.6,39,0.21,42,18.8,Sunny
1/29/2024 12:00,STN_2,21.3,74,1016.8,23.2,346,1.84,65,13.6,Cloudy
1/29/2024 13:00,STN_2,23.5,56,1016,27.3,34,2.91,92,19.1,Cloudy
1/29/2024 14:00,STN_3,10.7,29,1006.3,33,100,2.31,61,16.1,Cloudy
1/29/2024 15:00,STN_1,18.5,43,1003.5,5.1,299,1.46,83,3.9,Cloudy
1/29/2024 16:00,STN_1,18.6,52,1031.9,16.5,82,2.92,60,14.6,Sunny
1/29/2024 17:00,STN_1,30.8,82,1003.1,32,201,0.01,49,11.9,Sunny
1/29/2024 18:00,STN_4,22.7,80,1011.4,6.7,191,5.67,53,1.5,Sunny
1/29/2024 19:00,STN_2,31.8,90,1008,5.9,334,1.76,10,3.6,Foggy
1/29/2024 20:00,STN_4,25.3,60,1033.8,17.2,298,10.22,97,1.5,Cloudy
1/29/2024 21:00,STN_3,16.5,69,1007,19.7,134,2.51,49,3,Sunny
1/29/2024 22:00,STN_1,34.2,52,1007.6,33.8,147,1.75,53,7.8,Sunny
1/29/2024 23:00,STN_5,23.3,94,1020.4,16,301,0.97,90,3.6,Foggy
1/30/2024 0:00,STN_2,25.7,76,1015.5,1.3,232,1.35,94,2.6,Cloudy
1/30/2024 1:00,STN_4,32,65,1016.4,3.4,95,0.13,9,15.6,Sunny
1/30/2024 2:00,STN_2,23,26,1009.3,18,70,1.75,50,3.3,Sunny
1/30/2024 3:00,STN_5,14.6,21,1014.5,37.2,59,0.8,79,11.8,Storm
1/30/2024 4:00,STN_3,28,49,1013.8,1.9,182,0.19,12,5.7,Sunny
1/30/2024 5:00,STN_2,24,87,1004.3,30.5,45,3,13,13.7,Sunny
1/30/2024 6:00,STN_5,32,28,1018.2,28.6,137,2.7,10,2.5,Sunny
1/30/2024 7:00,STN_2,28,83,998.8,22.8,303,6.97,72,3.4,Rainy
1/30/2024 8:00,STN_5,22.4,74,1018.3,35.3,343,7.44,6,8.6,Sunny
1/30/2024 9:00,STN_3,21.2,40,1015.4,38.7,327,5.65,30,12.6,Sunny
1/30/2024 10:00,STN_2,22.8,29,1007.5,19.3,273,0.59,56,17.9,Sunny
1/30/2024 11:00,STN_5,26.4,67,1025.7,29.5,234,2.88,74,4.3,Cloudy
1/30/2024 12:00,STN_2,28.3,59,1026.5,25.7,232,1.28,46,10.3,Sunny
1/30/2024 13:00,STN_2,4.9,58,1001,8.2,296,2.46,1,9.1,Sunny
1/30/2024 14:00,STN_5,18.8,50,1018.3,39.9,239,1.46,16,17.4,Sunny
1/30/2024 15:00,STN_3,32.2,83,1027.5,29.4,194,0.16,88,6.9,Cloudy
1/30/2024 16:00,STN_2,15.8,34,1023.4,0.5,204,0.7,12,12.6,Sunny
1/30/2024 17:00,STN_2,31.4,48,1011.9,24.5,116,1.59,28,3,Sunny
1/30/2024 18:00,STN_3,32.6,93,1009.5,13.3,19,1.55,74,12.7,Cloudy
1/30/2024 19:00,STN_4,33.2,62,1013.3,4.3,42,0.14,19,15.7,Sunny
1/30/2024 20:00,STN_4,29.1,31,1013.3,2.3,150,1.17,46,5.7,Sunny
1/30/2024 21:00,STN_5,30.3,97,1018.4,17.1,107,2.13,87,1.6,Foggy
1/30/2024 22:00,STN_5,21.5,56,987.6,2.6,185,8.95,25,10.9,Sunny
1/30/2024 23:00,STN_5,30.4,96,1009.2,37.4,72,0.26,74,5.9,Storm
1/31/2024 0:00,STN_5,29.9,24,1032.6,22.1,263,2.57,93,1.4,Cloudy
1/31/2024 1:00,STN_4,15.1,58,1007.5,10,265,2.14,51,15,Sunny
1/31/2024 2:00,STN_4,18.5,59,1015.8,8,336,1.78,85,15.3,Cloudy
1/31/2024 3:00,STN_5,18.8,95,992,13,43,0.7,30,10,Sunny
1/31/2024 4:00,STN_4,24.1,41,1012.6,22.6,22,6.35,70,16.4,Cloudy
1/31/2024 5:00,STN_3,25.3,33,1009.6,2.8,95,1.13,79,14.9,Cloudy
1/31/2024 6:00,STN_5,21.3,54,1012.5,1,51,7.87,10,13.9,Sunny
1/31/2024 7:00,STN_4,21.8,96,1001.4,23.3,28,6.16,74,1.2,Rainy
1/31/2024 8:00,STN_4,32.2,78,1005.1,7.8,214,1.76,12,3.6,Sunny
1/31/2024 9:00,STN_1,13.7,85,1008.6,36.3,302,1.06,34,6.2,Sunny
1/31/2024 10:00,STN_4,23.8,81,1009.1,24.1,69,4.4,98,3.7,Rainy
1/31/2024 11:00,STN_2,23.2,86,1005.7,3.1,318,4.59,92,19.5,Rainy
1/31/2024 12:00,STN_5,26.4,41,1019.5,2.8,283,1.91,29,13,Sunny
1/31/2024 13:00,STN_5,16.4,65,1015.9,11.9,355,0.79,93,2.5,Cloudy
1/31/2024 14:00,STN_3,26.5,28,1004,29.9,161,0.88,79,5.6,Cloudy
1/31/2024 15:00,STN_2,24.2,35,1009.6,22.3,240,1.4,5,15.9,Sunny
1/31/2024 16:00,STN_3,24.2,77,1018.2,35.4,112,3.39,35,5.2,Sunny
1/31/2024 17:00,STN_2,20.7,37,1010.4,20.3,14,0.37,74,10.2,Cloudy
1/31/2024 18:00,STN_3,29.3,49,1031.1,20.9,2,2.78,43,7,Sunny
1/31/2024 19:00,STN_3,24.9,44,1010.9,20.4,274,2.38,57,11,Sunny
1/31/2024 20:00,STN_2,22.4,60,1017.6,13.8,187,0.17,9,13.2,Sunny
1/31/2024 21:00,STN_2,14.2,98,1013.6,25.2,154,0.74,90,11.3,Cloudy
1/31/2024 22:00,STN_2,21.4,69,1025,17.5,22,0.84,60,17.9,Sunny
1/31/2024 23:00,STN_1,15.7,94,1018.2,34.5,5,0.15,75,7.3,Storm
2/1/2024 0:00,STN_3,16.5,76,1000.1,6.8,44,0.58,51,17.6,Sunny
2/1/2024 1:00,STN_1,24.1,34,1028.3,12.1,339,2.9,73,16.7,Cloudy
2/1/2024 2:00,STN_2,28.8,24,1026.1,36.7,338,3.92,29,15.9,Sunny
2/1/2024 3:00,STN_3,29.1,72,1006.4,35.7,95,1.07,63,6.7,Cloudy
2/1/2024 4:00,STN_5,25.5,59,1022.6,18.2,42,0.82,13,12,Sunny
2/1/2024 5:00,STN_4,31.8,97,1020.6,21.1,206,0.77,88,2.1,Foggy
2/1/2024 6:00,STN_2,25.1,26,1008.4,28,161,3.18,88,10.1,Cloudy
2/1/2024 7:00,STN_1,10.6,83,1006.7,14.6,249,6.44,17,19.2,Rainy
2/1/2024 8:00,STN_4,29.5,68,998.1,11.3,56,0.43,71,1.7,Cloudy
2/1/2024 9:00,STN_1,20.9,33,1016.7,29.5,69,0.12,7,12.7,Sunny
2/1/2024 10:00,STN_3,19.1,66,1017.4,12.3,236,3.68,63,14.6,Cloudy
2/1/2024 11:00,STN_1,31.4,83,1007.5,9.2,311,0.86,98,15.4,Cloudy
2/1/2024 12:00,STN_3,38.9,95,1007.3,28.3,154,0.07,77,17.8,Cloudy
2/1/2024 13:00,STN_4,24.1,86,1027.1,32,166,1.78,8,11.5,Sunny
2/1/2024 14:00,STN_2,10.3,24,990.8,9.8,117,1.16,11,7.8,Sunny
2/1/2024 15:00,STN_2,7.7,64,1017.9,23.3,75,0.82,80,19.6,Cloudy
2/1/2024 16:00,STN_4,22,55,1021.1,39.7,49,1.29,57,1.6,Sunny
2/1/2024 17:00,STN_2,20.8,45,1026.4,4.2,50,0.93,56,1.4,Sunny
2/1/2024 18:00,STN_3,13.5,41,1013.4,20,53,0.45,6,13.7,Sunny
2/1/2024 19:00,STN_3,21.6,77,1009,14.6,5,0.28,44,9.5,Sunny
2/1/2024 20:00,STN_2,15.7,64,1009.9,27.7,239,2.5,7,8.4,Sunny
2/1/2024 21:00,STN_5,29.3,51,1010.4,14.8,70,0.25,21,10.5,Sunny
2/1/2024 22:00,STN_1,21,49,1015.1,4.7,228,0.94,75,1.4,Cloudy
2/1/2024 23:00,STN_3,20.8,57,1007.6,32.2,149,1.52,84,12.5,Storm
2/2/2024 0:00,STN_3,42.2,27,1001.6,3.4,217,0.52,6,7.8,Sunny
2/2/2024 1:00,STN_5,27,94,1010.6,10.8,138,1.24,99,19.5,Cloudy
2/2/2024 2:00,STN_2,36.9,60,1003.8,5.5,154,6.17,53,4.1,Sunny
2/2/2024 3:00,STN_4,20.1,33,1026,23.5,279,4.37,39,13.9,Sunny
2/2/2024 4:00,STN_3,29.7,92,1015,8.4,13,0.48,63,1.4,Foggy
2/2/2024 5:00,STN_2,25.2,39,1015.2,10.1,324,4.74,57,6.5,Sunny
2/2/2024 6:00,STN_3,26.8,57,1038.8,13,49,0.89,19,8.4,Sunny
2/2/2024 7:00,STN_2,26.6,53,1017.6,19.1,123,0.54,9,13.1,Sunny
2/2/2024 8:00,STN_3,18.8,56,1007.4,3.6,276,1.2,26,14.6,Sunny
2/2/2024 9:00,STN_3,24.1,34,1001.6,6.3,125,0.06,48,12.7,Sunny
2/2/2024 10:00,STN_1,12.8,34,1009.7,0.5,270,3.6,64,18.8,Cloudy
2/2/2024 11:00,STN_4,11.4,69,1004.6,33.1,84,0.66,34,6.3,Sunny
2/2/2024 12:00,STN_1,21.9,90,1014.3,7.1,2,4.35,57,6.1,Rainy
2/2/2024 13:00,STN_1,27.3,28,1008.6,6.8,253,1.43,84,13.6,Cloudy
2/2/2024 14:00,STN_5,22.3,84,1025.6,36.5,247,0.06,13,1.6,Sunny
2/2/2024 15:00,STN_2,21.7,67,1006.5,26.4,83,0.46,89,16.4,Cloudy
2/2/2024 16:00,STN_5,17.7,68,1004.5,18.1,11,0.99,79,8.6,Cloudy
2/2/2024 17:00,STN_5,20.3,83,1012.4,29.5,156,4.5,5,13.4,Rainy
2/2/2024 18:00,STN_4,29.1,50,1009.2,20,159,4.6,33,13.4,Sunny
2/2/2024 19:00,STN_2,27.4,35,1018.1,35.7,265,1.47,35,19.7,Sunny
2/2/2024 20:00,STN_2,8.9,40,1002.3,35.7,334,1.09,66,10.4,Cloudy
2/2/2024 21:00,STN_3,22.8,56,990.4,2,268,0.12,77,9.3,Cloudy
2/2/2024 22:00,STN_1,34.1,53,1002.4,24.9,101,1.47,54,12.1,Sunny
2/2/2024 23:00,STN_2,37.8,42,1006.6,19.4,334,6.29,66,16.3,Cloudy
2/3/2024 0:00,STN_1,18.9,97,1017.9,11.6,286,1.89,94,17.2,Cloudy
2/3/2024 1:00,STN_3,21.1,66,1022.6,4.7,170,3.98,64,16.9,Cloudy
2/3/2024 2:00,STN_3,18.8,91,1004.2,3,189,3.1,38,17,Rainy
2/3/2024 3:00,STN_3,31,93,1011.6,30.8,279,1.62,37,19.6,Sunny
2/3/2024 4:00,STN_5,36.5,68,1025,13.9,331,0.45,6,8.8,Sunny
2/3/2024 5:00,STN_2,30.3,94,1019.9,0.1,303,1.35,32,10.8,Sunny
2/3/2024 6:00,STN_2,36.2,65,1012.1,8.4,31,2.2,77,9.2,Cloudy
2/3/2024 7:00,STN_5,33.7,78,1018.1,36.9,101,5.31,35,5.8,Sunny
2/3/2024 8:00,STN_1,33,91,1035.8,33.4,311,0.19,9,5.3,Sunny
2/3/2024 9:00,STN_3,32.9,26,1023.6,12.3,170,3.95,73,11.8,Cloudy
2/3/2024 10:00,STN_2,24.7,59,1002.5,13.2,340,0.65,29,17.2,Sunny
2/3/2024 11:00,STN_1,21.8,47,1004.6,33.9,138,0.99,95,17.4,Storm
2/3/2024 12:00,STN_4,25.8,61,1010.4,21.8,328,0.06,94,3.9,Cloudy
2/3/2024 13:00,STN_1,26.1,29,1001.5,6.5,246,4.88,40,19.4,Sunny
2/3/2024 14:00,STN_3,31.5,81,1014.2,21.6,309,1.14,82,6.2,Cloudy
2/3/2024 15:00,STN_5,25.3,55,1000.4,10,168,0.06,13,7.6,Sunny
2/3/2024 16:00,STN_2,19.6,51,1003.3,30.1,56,0.12,40,2.1,Sunny
2/3/2024 17:00,STN_2,15,90,1014.8,21.2,113,2.33,82,19.4,Cloudy
2/3/2024 18:00,STN_1,33.3,92,1009.5,0.3,246,1.83,94,18.3,Cloudy
2/3/2024 19:00,STN_5,22.9,46,1016,9.8,150,1.29,85,15.1,Cloudy
2/3/2024 20:00,STN_5,31.1,97,1016.7,17.8,266,0.09,95,2.6,Foggy
2/3/2024 21:00,STN_2,27.5,83,1026.9,6.9,201,1.04,79,5.8,Cloudy
2/3/2024 22:00,STN_5,15.7,45,995.6,31.2,169,3.7,79,4.6,Storm
2/3/2024 23:00,STN_2,26.4,64,1027.7,34.1,152,2.5,81,14.3,Storm
2/4/2024 0:00,STN_1,35.7,61,1033,15,122,3.15,45,5.4,Sunny
2/4/2024 1:00,STN_1,29.4,42,1015.2,16.8,118,1.36,69,19,Cloudy
2/4/2024 2:00,STN_1,21.4,93,1009.4,20.8,168,0.85,96,11.5,Cloudy
2/4/2024 3:00,STN_3,22.9,41,997.1,11.6,145,0.63,56,13.1,Sunny
2/4/2024 4:00,STN_3,16.4,36,996.9,23.2,140,0.31,19,17.2,Sunny
2/4/2024 5:00,STN_3,18.6,47,1015,2.3,123,1.88,68,16.2,Cloudy
2/4/2024 6:00,STN_5,17.7,43,1014.2,4.8,101,2.79,45,4.3,Sunny
2/4/2024 7:00,STN_2,25.9,56,1026.2,14,1,0.94,54,16.9,Sunny
2/4/2024 8:00,STN_3,22.6,54,1012.7,20,259,0.62,86,8.5,Cloudy
2/4/2024 9:00,STN_3,27.8,49,995.4,24.1,52,3.84,97,17.8,Cloudy
2/4/2024 10:00,STN_5,21.2,52,1006.5,0.4,127,1.19,7,11.7,Sunny
2/4/2024 11:00,STN_2,24.4,49,1009.9,28.9,306,3.5,26,16.4,Sunny
2/4/2024 12:00,STN_3,25.1,89,1014.1,23.8,299,1.2,97,17.4,Cloudy
2/4/2024 13:00,STN_5,19.3,29,1025.9,0.8,16,1.43,43,12.2,Sunny
2/4/2024 14:00,STN_5,32.3,36,1010.9,10.2,309,3.09,64,14,Cloudy
2/4/2024 15:00,STN_4,33,55,1013.1,37.8,257,1.88,53,13.3,Sunny
2/4/2024 16:00,STN_3,28.8,49,1021.5,16.5,302,0.52,96,6.7,Cloudy
2/4/2024 17:00,STN_2,23.2,54,1026,15.1,112,2.17,5,16.1,Sunny
2/4/2024 18:00,STN_3,22.8,60,1016.7,20.2,15,2,99,13.9,Cloudy
2/4/2024 19:00,STN_2,14.6,76,1015.4,38.9,141,1.29,4,14.4,Sunny
2/4/2024 20:00,STN_2,33.3,96,1016.2,10.5,90,10.13,19,9.9,Rainy
2/4/2024 21:00,STN_4,32.3,40,1009,10.3,247,2.33,66,8.5,Cloudy
2/4/2024 22:00,STN_3,24.3,98,1020.9,18.1,134,5.5,70,16.5,Rainy
2/4/2024 23:00,STN_4,23.9,51,1008.9,1.6,247,3.83,39,18.8,Sunny
2/5/2024 0:00,STN_5,19.5,47,1003.4,4.6,266,0.78,7,15.3,Sunny
2/5/2024 1:00,STN_5,38.4,42,989.4,9.5,59,1.49,45,8.2,Sunny
2/5/2024 2:00,STN_5,24.8,60,1010.5,4.6,73,1.79,75,14.4,Cloudy
2/5/2024 3:00,STN_1,27.7,68,1011.6,15.3,7,1.35,71,6.8,Cloudy
2/5/2024 4:00,STN_5,28.9,24,1011,26.2,287,0.52,7,6.6,Sunny
2/5/2024 5:00,STN_5,40.5,68,1026.1,28,348,0.14,78,13.1,Cloudy
2/5/2024 6:00,STN_1,18.4,46,1013.2,20.4,11,3.58,52,15.1,Sunny
2/5/2024 7:00,STN_4,32.2,80,1015.9,38.2,37,1.27,31,9.2,Sunny
2/5/2024 8:00,STN_3,24,26,987.5,26.5,146,1.34,9,15.8,Sunny
2/5/2024 9:00,STN_5,30.7,65,1022.6,9.4,226,1.39,31,10,Sunny
2/5/2024 10:00,STN_5,31.5,40,1003.7,21,347,2.63,61,8.7,Cloudy
2/5/2024 11:00,STN_4,24.5,86,1006.6,23.8,117,1.29,62,4.9,Foggy
2/5/2024 12:00,STN_1,26.2,35,1017.2,32.5,112,2.22,55,7.6,Sunny
2/5/2024 13:00,STN_4,12.9,82,1009.1,23.2,185,3.78,34,6.5,Rainy
2/5/2024 14:00,STN_4,24.4,81,1005.4,10.3,337,1.82,7,10.1,Sunny
2/5/2024 15:00,STN_4,18.4,96,1010,6.9,340,2.39,31,5.6,Sunny
2/5/2024 16:00,STN_1,36.6,91,1006.3,32.3,185,3.14,94,1.5,Rainy
2/5/2024 17:00,STN_2,30.1,27,1015.3,26.1,344,0.04,30,19.4,Sunny
2/5/2024 18:00,STN_5,32.9,57,1000.9,28.6,3,2.39,26,7.5,Sunny
2/5/2024 19:00,STN_2,30.3,52,1010.8,14.3,317,1.98,69,16.7,Cloudy
2/5/2024 20:00,STN_1,37.1,49,1002.2,35.1,55,2.24,62,17.3,Cloudy
2/5/2024 21:00,STN_3,29.5,76,1007.2,33.2,173,1.01,76,15.3,Storm
2/5/2024 22:00,STN_2,27.9,92,1003.5,14.8,109,1.04,70,11.7,Cloudy
2/5/2024 23:00,STN_4,17.7,41,1009,38.9,148,0.86,30,15.3,Sunny
2/6/2024 0:00,STN_1,15.8,30,1008.9,13.9,115,0.59,3,19.4,Sunny
2/6/2024 1:00,STN_5,23.2,49,1015,32.1,62,2.66,49,14.3,Sunny
2/6/2024 2:00,STN_5,31.6,69,999.8,16.6,13,8.51,2,14.4,Sunny
2/6/2024 3:00,STN_4,29.6,73,1024.9,24.1,225,0.16,79,15.3,Cloudy
2/6/2024 4:00,STN_3,25.3,29,1001.7,5.7,103,0.47,95,8.2,Cloudy
2/6/2024 5:00,STN_1,22,89,1012.7,27.5,106,6.14,72,13.5,Rainy
2/6/2024 6:00,STN_5,23.4,67,1013.2,28.5,129,0.48,96,19.1,Cloudy
2/6/2024 7:00,STN_1,34.6,53,1018.5,25.6,241,4.08,83,19.5,Cloudy
2/6/2024 8:00,STN_2,28.3,48,1016.8,36,86,4.18,15,9.6,Sunny
2/6/2024 9:00,STN_3,22,63,1015.7,26.7,166,2.82,28,17.2,Sunny
2/6/2024 10:00,STN_1,16.2,70,1001.9,9.3,302,0.2,75,8.2,Cloudy
2/6/2024 11:00,STN_3,33.6,39,1012.1,39.7,336,4.06,33,10.3,Sunny
2/6/2024 12:00,STN_3,19.5,32,1011.3,0.1,225,0.51,45,5.8,Sunny
2/6/2024 13:00,STN_2,24.8,89,1016.8,19,188,2.07,75,6.2,Cloudy
2/6/2024 14:00,STN_2,31.3,56,995.9,14.3,32,1.23,94,16.5,Cloudy
2/6/2024 15:00,STN_3,30.4,75,1023.9,31.8,87,2.03,77,16.7,Storm
2/6/2024 16:00,STN_4,29.9,52,1006.1,17.4,235,0.18,93,10.9,Cloudy
2/6/2024 17:00,STN_3,16.3,97,1011,12.4,41,0.91,60,13.4,Sunny
2/6/2024 18:00,STN_4,22.9,79,1006.8,14.7,38,1,61,4.4,Cloudy
2/6/2024 19:00,STN_4,23.6,66,1021.1,8.5,264,0.35,91,4.2,Cloudy
2/6/2024 20:00,STN_5,36.4,39,1012.8,6.4,30,2.77,23,17.5,Sunny
2/6/2024 21:00,STN_3,14.8,69,1015.7,8.4,143,0.97,27,7.8,Sunny
2/6/2024 22:00,STN_5,22,85,1029.6,32.6,279,3.92,34,3.3,Rainy
2/6/2024 23:00,STN_5,14,68,1010.2,9.8,320,4.43,72,14.8,Cloudy
2/7/2024 0:00,STN_2,24.2,28,1023.4,28.7,110,1.71,94,7.2,Cloudy
2/7/2024 1:00,STN_5,25.5,99,1015.3,16.3,105,0.63,46,12.5,Sunny
2/7/2024 2:00,STN_2,29.5,78,1015.6,26.5,352,1.87,30,1,Sunny
2/7/2024 3:00,STN_5,17.6,69,1004.9,8.7,251,0.23,23,13.5,Sunny
2/7/2024 4:00,STN_5,22.9,26,992.7,9.9,51,1.04,36,15.4,Sunny
2/7/2024 5:00,STN_2,33.4,93,1014.7,17.5,316,0.12,98,15.5,Cloudy
2/7/2024 6:00,STN_2,36.5,71,993.9,24.3,259,0.35,4,17.6,Sunny
2/7/2024 7:00,STN_5,24.4,43,1010.7,27.5,326,1.28,60,5.5,Sunny
2/7/2024 8:00,STN_3,11.9,21,1013.3,38.7,28,0.93,25,3,Sunny
2/7/2024 9:00,STN_2,20.8,53,1002.2,20.2,307,0.06,27,12.3,Sunny
2/7/2024 10:00,STN_1,26,61,1015,20.7,27,3.08,33,5.9,Sunny
2/7/2024 11:00,STN_3,29.2,68,1027.7,7.9,234,4.74,22,4.6,Sunny
2/7/2024 12:00,STN_1,14.6,74,1009.9,36.9,159,1.27,70,12.8,Cloudy
2/7/2024 13:00,STN_3,12,47,1009.5,13,283,4.25,29,17.3,Sunny
2/7/2024 14:00,STN_2,13.6,67,1021.9,10.9,172,0.3,33,18.5,Sunny
2/7/2024 15:00,STN_1,20.5,88,1017.4,33.7,130,0.24,21,10.6,Sunny
2/7/2024 16:00,STN_5,11,82,1008.9,4.2,163,2.3,19,9,Sunny
2/7/2024 17:00,STN_3,24.2,70,1027.9,22.3,201,0.36,3,2.9,Sunny
2/7/2024 18:00,STN_3,19.7,43,1006.7,15.3,343,0.37,36,14.7,Sunny
2/7/2024 19:00,STN_3,24.3,24,997.4,5.4,286,2.08,64,14.5,Cloudy
2/7/2024 20:00,STN_5,33.3,71,1013.2,6.2,146,0.22,73,9.5,Cloudy
2/7/2024 21:00,STN_5,36.9,63,1011.4,7.3,70,0.36,92,9.7,Cloudy
2/7/2024 22:00,STN_1,36.3,74,990.3,36.2,351,3.1,57,9.2,Sunny
2/7/2024 23:00,STN_4,26.6,44,1019.2,25.4,277,0.52,27,4.1,Sunny
2/8/2024 0:00,STN_1,21.3,31,1012.6,28.8,103,1.61,7,5.9,Sunny
2/8/2024 1:00,STN_1,18.8,26,1025.9,33.7,319,1.74,9,10.7,Sunny
2/8/2024 2:00,STN_4,19.3,80,999.3,25.2,264,4.73,69,9.8,Cloudy
2/8/2024 3:00,STN_1,10.7,35,1009.2,1.2,74,0.64,87,3.4,Cloudy
2/8/2024 4:00,STN_3,20.5,98,1020.2,16,173,0.92,69,18.2,Cloudy
2/8/2024 5:00,STN_1,22.8,94,1011.1,24.2,301,1.17,19,2.5,Foggy
2/8/2024 6:00,STN_1,33.2,75,1014.5,25.1,304,1.22,57,19.8,Sunny
2/8/2024 7:00,STN_4,21.2,48,1016.5,34.5,198,0.79,60,2.7,Sunny
2/8/2024 8:00,STN_2,16.8,82,1004.2,11.7,281,1.88,64,1.9,Cloudy
2/8/2024 9:00,STN_4,29.9,73,1006.1,27.8,293,2.89,54,2,Sunny
2/8/2024 10:00,STN_5,22.4,96,1022.5,33.3,160,0.14,34,7.8,Sunny
2/8/2024 11:00,STN_4,14.3,66,1004.6,34.3,109,3.76,8,10.5,Sunny
2/8/2024 12:00,STN_3,26.7,89,1010.3,26.4,227,0.69,74,8.4,Cloudy
2/8/2024 13:00,STN_4,17.8,58,1012.9,3.8,199,2.96,37,6.9,Sunny
2/8/2024 14:00,STN_2,23,30,1009.1,37.6,21,6.07,86,15.8,Storm
2/8/2024 15:00,STN_2,25.4,53,1022.8,11.7,293,0.19,61,4.5,Cloudy
2/8/2024 16:00,STN_5,21.6,27,1007.2,20.8,101,0.2,79,9.6,Cloudy
2/8/2024 17:00,STN_1,14.8,76,999.9,15.2,185,5.62,17,17.2,Sunny
2/8/2024 18:00,STN_5,36.1,80,1014.6,38.8,220,0.13,18,19.9,Sunny
2/8/2024 19:00,STN_1,12.9,25,1020,20.6,286,0.28,20,4.9,Sunny
2/8/2024 20:00,STN_3,18.7,31,1018.6,27.4,100,0.71,26,15.8,Sunny
2/8/2024 21:00,STN_3,21.3,42,1020.6,37.9,114,0.97,45,4.3,Sunny
2/8/2024 22:00,STN_5,27.2,37,1025.3,0.9,102,2.58,77,17.3,Cloudy
2/8/2024 23:00,STN_1,31.1,73,1021.4,25,300,1.39,87,9.5,Cloudy
2/9/2024 0:00,STN_2,31.1,64,1002.9,24.3,84,2.24,98,12.1,Cloudy
2/9/2024 1:00,STN_5,22.3,31,1013.2,39.2,113,0.98,85,7,Storm
2/9/2024 2:00,STN_3,23.1,28,1006.6,13.8,47,0.28,65,18,Cloudy
2/9/2024 3:00,STN_1,22.3,91,994.2,26.5,301,2.51,24,12.3,Sunny
2/9/2024 4:00,STN_2,24.4,21,1021.8,22.4,17,0.01,82,11.5,Cloudy
2/9/2024 5:00,STN_3,39.7,26,995.7,38.2,210,1.01,21,11.9,Sunny
2/9/2024 6:00,STN_2,35.3,52,1007.4,1.5,202,0.82,86,6.8,Cloudy
2/9/2024 7:00,STN_1,19.3,33,998.7,24.2,265,0.31,31,15.6,Sunny
2/9/2024 8:00,STN_3,23.8,94,1006.5,6.7,192,0.06,56,9,Sunny
2/9/2024 9:00,STN_2,16.6,48,1018.2,35.7,255,0.53,38,18.3,Sunny
2/9/2024 10:00,STN_5,20.8,86,1015.4,4.8,241,0.16,18,12.8,Sunny
2/9/2024 11:00,STN_5,46.4,82,1005.2,5.3,30,3.66,94,18.7,Rainy
2/9/2024 12:00,STN_3,31.3,24,1029.4,20.8,345,0.5,2,2.6,Sunny
2/9/2024 13:00,STN_3,18.3,80,1012.1,22,230,0.36,53,4,Sunny
2/9/2024 14:00,STN_2,28.9,73,1003.4,35.1,97,0.67,87,6.1,Storm
2/9/2024 15:00,STN_5,23.1,76,1008.9,8.8,334,5.19,92,16.1,Cloudy
2/9/2024 16:00,STN_2,8.5,40,1015.8,29.5,258,0.32,7,6,Sunny
2/9/2024 17:00,STN_3,23,81,1000.5,12.9,272,3.17,36,6.6,Rainy
2/9/2024 18:00,STN_3,20.8,88,1002.7,33.4,309,3.57,1,12.9,Rainy
2/9/2024 19:00,STN_5,26.8,63,1000.2,29.6,38,0.3,64,12.5,Cloudy
2/9/2024 20:00,STN_4,36.4,40,1002.2,33.2,340,15.3,94,5.6,Storm
2/9/2024 21:00,STN_5,29.4,56,1009,0.3,303,1.52,94,4.9,Cloudy
2/9/2024 22:00,STN_3,23.1,41,1028.2,12.6,41,0.33,36,1.8,Sunny
2/9/2024 23:00,STN_5,26.2,81,1013.8,32.9,206,0.04,47,13.4,Sunny
2/10/2024 0:00,STN_1,13.8,23,1018,38.6,254,0.65,37,13,Sunny
2/10/2024 1:00,STN_3,19.2,84,1032.4,18.6,121,2.18,48,6.4,Sunny
2/10/2024 2:00,STN_2,20.7,26,1015.9,16.2,70,2.26,84,16.4,Cloudy
2/10/2024 3:00,STN_4,27.3,52,1018.3,24.6,3,0.6,55,12.1,Sunny
2/10/2024 4:00,STN_4,29,26,1010.5,4.3,244,2.72,69,7.9,Cloudy
2/10/2024 5:00,STN_1,12,25,1023.6,0.1,200,0.44,80,14.7,Cloudy
2/10/2024 6:00,STN_2,21.6,29,1003.8,1.7,113,2.23,11,12.4,Sunny
2/10/2024 7:00,STN_5,19.4,44,1009.3,2.8,293,0.27,4,3.3,Sunny
2/10/2024 8:00,STN_1,17.6,63,1014.9,13.2,339,0.95,74,19.4,Cloudy
2/10/2024 9:00,STN_2,21.5,34,1019.9,19.6,334,1.53,55,12.8,Sunny
2/10/2024 10:00,STN_3,36.6,61,1011.1,3.8,318,7.71,52,12.9,Sunny
2/10/2024 11:00,STN_2,7.7,75,1013.4,39.4,270,5.45,70,16.6,Cloudy
2/10/2024 12:00,STN_4,22.3,85,1016.3,13.8,146,0.17,19,4,Sunny
2/10/2024 13:00,STN_5,25.1,20,1015.6,32.6,161,2.92,88,18.6,Storm
2/10/2024 14:00,STN_1,31.4,82,1011.1,8.1,290,5.06,63,7.6,Rainy
2/10/2024 15:00,STN_4,26.3,41,1023.7,23.9,80,0.87,54,9.1,Sunny
2/10/2024 16:00,STN_1,35.4,48,1007.1,35.5,332,0.64,61,17.2,Cloudy
2/10/2024 17:00,STN_5,38.1,45,1011.9,37,184,0.59,66,5.5,Cloudy
2/10/2024 18:00,STN_5,21.3,85,1017.4,37.4,28,7.17,38,4.9,Rainy
2/10/2024 19:00,STN_1,26.4,87,1020.6,28.9,284,3.42,99,2.1,Rainy
2/10/2024 20:00,STN_3,21.7,86,1017.9,19.5,303,0.86,27,6.6,Sunny
2/10/2024 21:00,STN_4,28.8,39,1013.6,3.4,334,0.3,70,8.6,Cloudy
2/10/2024 22:00,STN_3,34.2,31,1003.1,32,74,0.03,83,11.8,Storm
2/10/2024 23:00,STN_2,36.7,26,1025.2,27.8,283,0.58,46,6,Sunny
2/11/2024 0:00,STN_1,26.4,40,1014.1,8.3,286,5.61,82,1.4,Cloudy
2/11/2024 1:00,STN_4,27.4,73,1019.6,13.4,113,3.03,25,13.7,Sunny
2/11/2024 2:00,STN_5,31.8,30,1018.2,23.1,204,0.44,5,14.2,Sunny
2/11/2024 3:00,STN_5,12.5,63,1011.7,10.3,54,2.17,60,2.3,Sunny
2/11/2024 4:00,STN_4,20.3,79,1012.2,31.4,318,0.13,50,13.9,Sunny
2/11/2024 5:00,STN_3,14.1,59,989.2,14.3,205,4.15,79,8.9,Cloudy
2/11/2024 6:00,STN_3,16,63,1029.9,19.7,344,5.35,51,13.1,Sunny
2/11/2024 7:00,STN_3,47.6,52,1007.7,17.9,254,4.29,2,2.8,Sunny
2/11/2024 8:00,STN_4,18.2,80,996.3,19.2,151,0.05,92,6.9,Cloudy
2/11/2024 9:00,STN_4,21.9,29,1010.3,21.3,16,0.72,11,14.1,Sunny
2/11/2024 10:00,STN_4,28.6,33,989.6,4.7,251,1.93,1,4.7,Sunny
2/11/2024 11:00,STN_1,41.5,69,1030,33.8,246,1.45,87,15.2,Storm
2/11/2024 12:00,STN_2,35.1,95,1006.7,7.7,310,2.96,94,1.3,Foggy
2/11/2024 13:00,STN_3,32.3,81,998.6,3.7,215,1.21,73,2.8,Cloudy
2/11/2024 14:00,STN_3,29.5,52,1014.4,8,19,1.86,69,1.3,Cloudy
2/11/2024 15:00,STN_3,30.4,85,1005.4,11.7,328,4,56,14.6,Rainy
